query_id,query,model,versi,db,rank,sutta_id,ref,author,retrieved_text,cosine_sim,grade
1,cara mengatasi kemarahan,gte-multilingual-base,exp5.base,id,1,sn11.24,sn11.24:md6,anggara,“‘Bawalah kemarahan ke bawah kendalimu; Jangan biarkan persahabatanmu rusak. Jangan menyalahkan seorang yang tidak bersalah; Jangan mengucapkan kata-kata yang bersifat memecah-belah. Bagaikan gunung salju yang longsor Kemarahan menggilas orang-orang jahat.’”,0.4336492717266083,
1,cara mengatasi kemarahan,gte-multilingual-base,exp5.base,id,2,sn11.4,sn11.4:md7,anggara,Sakka: “‘Ini adalah gagasanku sendiri Cara untuk melawan si dungu adalah: Ketika seseorang mengetahui bahwa musuhnya marah Maka ia harus dengan penuh perhatian mempertahankan kedamaian.’,0.3466818928718567,
1,cara mengatasi kemarahan,gte-multilingual-base,exp5.base,id,3,sn11.25,sn11.25:md3,anggara,"“‘Jangan biarkan kemarahan menguasaimu; Jangan marah pada mereka yang marah. Tanpa-kemarahan dan tidak-membahayakan, selalu berdiam Dalam [hati] para mulia. Bagaikan gunung salju yang longsor Kemarahan menggilas orang-orang jahat.’”",0.2870593667030334,
1,cara mengatasi kemarahan,gte-multilingual-base,exp5.base,id,4,thag6.12,thag6.12:md5,anggara,"Jik kemarahan muncul padamu, Refleksikanlah perumpamaan gergaji; Jika ketagihan pada rasa kecapan muncul padamu, Ingatlah perumpamaan daging anak.",0.282611072063446,
1,cara mengatasi kemarahan,gte-multilingual-base,exp5.base,id,5,an5.161,an5.161:md1,anggara,"“Para bhikkhu, ada lima cara ini untuk melenyapkan kekesalan yang dengannya seorang bhikkhu harus sepenuhnya melenyapkan kekesalan yang muncul terhadap siapa pun. Apakah lima ini? (1) Ia harus mengembangkan cinta-kasih terhadap orang yang kepadanya ia merasa kesal; dengan cara inilah ia harus melenyapkan kekesalan terhadap orang itu. (2) Ia harus mengembangkan belas-kasihan terhadap orang yang kepadanya ia merasa kesal; dengan cara inilah ia harus melenyapkan kekesalan terhadap orang itu. (3) Ia harus mengembangkan keseimbangan terhadap orang yang kepadanya ia merasa kesal; dengan cara inilah ia harus melenyapkan kekesalan terhadap orang itu. (4) Ia harus mengabaikan orang yang kepadanya ia merasa kesal dan tidak memperhatikannya; dengan cara inilah ia harus melenyapkan kekesalan terhadap orang itu. (5) Ia harus menerapkan gagasan kepemilikan kamma pada orang yang kepadanya ia merasa kesal, sebagai berikut: ‘Yang Mulia ini adalah pemilik kammanya, pewaris kammanya; ia memiliki kamma sebagai asal-mulanya, kamma sebagai sanak-saudaranya, kamma sebagai pelindungnya; ia akan menjadi pewaris kamma apa pun yang ia lakukan, baik atau buruk.’ Dengan cara inilah ia harus melenyapkan kekesalan terhadap orang itu. Ini adalah kelima cara untuk melenyapkan kekesalan yang dengannya seorang bhikkhu harus sepenuhnya melenyapkan kekesalan yang muncul terhadap siapa pun.”",0.184314414858818,
2,cara mengatasi ngantuk,gte-multilingual-base,exp5.base,id,1,an7.61,an7.61:md11,anggara,"“Tetapi jika engkau tidak dapat meninggalkan kantukmu dengan cara demikian, maka engkau harus berbaring pada sisi kanan dalam postur singa, dengan satu kaki di atas kaki lainnya, penuh perhatian dan memahami dengan jernih, setelah mencatat dalam pikiranmu gagasan untuk terjaga. Ketika engkau terjaga, engkau harus bangkit dengan segera, [dengan berpikir]: ‘Aku tidak akan terlena pada kenikmatan beristirahat, kenikmatan bermalas-malasan, kenikmatan tidur.’ Adalah dengan cara ini, Moggallāna, engkau harus berlatih.",0.208882138133049,
2,cara mengatasi ngantuk,gte-multilingual-base,exp5.base,id,2,dn34,dn34:md4,anggara,‘Apakah satu hal yang sangat membantu? Ketanpa-lelahan di dalam kondisi-kondisi yang bermanfaat ( appamādo kusalesu dhammesu ).,0.0031876612920314,
2,cara mengatasi ngantuk,gte-multilingual-base,exp5.base,id,3,mn32,mn32:md30,anggara,"“Kalian semua telah berkata dengan benar, Sāriputta, masing-masing dengan caranya masing-masing. Dengarkanlah juga dariKu bhikkhu seperti apakah yang dapat menerangi Hutan pohon Sāla Gosinga. Di sini, Sāriputta, ketika seorang bhikkhu telah kembali dari perjalanan menerima dana makanan, setelah makan, ia duduk bersila, menegakkan badan, dan menegakkan perhatian di depannya, bertekad: ‘Aku tidak akan bangkit dari posisi duduk ini hingga batinku terbebas dari noda-noda melalui ketidak-melekatan.’ Bhikkhu seperti itu dapat menerangi Hutan pohon Sāla Gosinga.”",0.0014540386619046,
2,cara mengatasi ngantuk,gte-multilingual-base,exp5.base,id,4,dn33,dn33:md246,anggara,‘Sembilan cara mengatasi kedengkian āghāta-paṭivinaya ). Kedengkian diatasi dengan pikiran: (a)–(i) “Ia telah melukaiku …” seperti (1) . “Apalah gunanya [memendam kedengkian]?”,0.0012309794547036,
2,cara mengatasi ngantuk,gte-multilingual-base,exp5.base,id,5,mn56,mn56:md55,anggara,"“Bagaimana menurutmu, perumah-tangga? Di sini beberapa Nigaṇṭha mungkin mengalami kesusahan, menderita, dan sakit keras dengan penyakit yang membutuhkan perawatan dengan air dingin, yang tidak diperbolehkan oleh sumpahnya dan ia akan menolak air dingin walaupun menginginkannya dan hanya menggunakan air panas yang diperbolehkan dan dengan demikian menjaga sumpahnya secara jasmani dan ucapan . Karena tidak mendapatkan air dingin maka ia akan mati. Sekarang, perumah-tangga, di manakah Nigaṇṭha Nātaputta menggambarkan kelahiran kembalinya terjadi ?”",0.0001671347999945,
3,apa penyebab penderitaan,gte-multilingual-base,exp5.base,id,1,sn12.23,sn12.23:md13,anggara,"“Aku mengatakan, para bhikkhu, bahwa penderitaan juga memiliki penyebab terdekat; bukan tanpa penyebab terdekat. Dan apakah penyebab terdekat bagi penderitaan? Ini harus dijawab: kelahiran.",0.9760944247245787,
3,apa penyebab penderitaan,gte-multilingual-base,exp5.base,id,2,sn22.19,sn22.19:md2,anggara,"“Perasaan adalah penderitaan … Persepsi adalah penderitaan … Bentukan-bentukan kehendak adalah penderitaan … Kesadaran adalah penderitaan. Penyebab dan kondisi bagi munculnya kesadaran adalah juga penderitaan. Karena kesadaran berasal-mula dari apa yang merupakan penderitaan, bagaimana mungkin ia adalah kebahagiaan?",0.8788148164749146,
3,apa penyebab penderitaan,gte-multilingual-base,exp5.base,id,3,an6.63,an6.63:md60,anggara,"“Dan apakah akibat dari penderitaan? Di sini, seseorang dikalahkan oleh penderitaan, dengan pikiran dikuasai oleh penderitaan, berdukacita, merana, dan meratap; ia menangis dengan memukul dadanya dan menjadi bingung. Atau dengan dikalahkan oleh penderitaan, dengan pikiran dikuasai oleh penderitaan, ia pergi mencari di luar, dengan berkata: ‘Siapakah yang mengetahui satu atau dua kata untuk mengakhiri penderitaan ini?’ Penderitaan, Aku katakan, berakibat pada kebingungan atau pada pencarian. Ini disebut akibat dari penderitaan.",0.8668799996376038,
3,apa penyebab penderitaan,gte-multilingual-base,exp5.base,id,4,mn9,mn9:md21,anggara,"“Dan apakah penderitaan, apakah asal-mula penderitaan, apakah lenyapnya penderitaan, apakah jalan menuju lenyapnya penderitaan? Kelahiran adalah penderitaan; penuaan adalah penderitaan; sakit adalah penderitaan; kematian adalah penderitaan; dukacita, ratapan, kesakitan, kesedihan, dan keputus-asaan adalah penderitaan; tidak memperoleh apa yang diinginkan adalah penderitaan; singkatnya, kelima kelompok unsur kehidupan yang terpengaruh oleh kemelekatan adalah penderitaan. Ini disebut penderitaan.",0.768266499042511,
3,apa penyebab penderitaan,gte-multilingual-base,exp5.base,id,5,dn22,dn22:md60,anggara,"’Dan apakah, para bhikkhu, Kebenaran Mulia Penderitaan? Kelahiran adalah penderitaan, penuaan adalah penderitaan, kematian adalah penderitaan, dukacita adalah penderitaan, ratapan adalah penderitaan, kesakitan adalah penderitaan, kesedihan dan kesusahan adalah penderitaan. Berkumpul dengan yang tidak dicintai adalah penderitaan, berpisah dari yang dicintai adalah penderitaan, tidak mendapatkan apa yang diinginkan adalah penderitaan. Singkatnya, lima kelompok unsur kemelekatan adalah penderitaan.",0.7665396928787231,
4,mengapa harus membalas budi orangtua,gte-multilingual-base,exp5.base,id,1,an2.32-41,an2.32-41:md8,anggara,"“Bahkan jika seseorang menggendong ibunya di satu bahunya dan ayahnya di bahu lainnya, dan selagi ia melakukan demikian ia memiliki umur kehidupan selama seratus tahun, dan hidup selama seratus tahun; dan jika ia melayani mereka dengan cara meminyaki mereka dengan balsam, dengan cara memijat mereka, memandikan mereka, dan menggosok bagian-bagian tubuh mereka, dan mereka bahkan membuang kotoran dan air kencing mereka di sana, ia masih tetap belum cukup melakukan untuk kedua orangtuanya, juga belum membalas mereka. Bahkan jika ia mengangkat orangtuanya menjadi raja tertinggi dan penguasa di seluruh penjuru bumi ini yang berlimpah dengan tujuh pusaka, ia tetap masih belum cukup melakukan untuk kedua orangtuanya, juga belum membalas mereka. Karena alasan apakah? Orangtua adalah bantuan besar bagi anak-anak mereka; mereka membesarkan anak-anak mereka, memberi mereka makan, dan menunjukkan dunia ini kepada mereka.",0.6007821559906006,
4,mengapa harus membalas budi orangtua,gte-multilingual-base,exp5.base,id,2,dn31,dn31:md45,anggara,"‘Ada lima cara bagi seorang putra untuk melayani ibu dan ayahnya sebagai arah timur. [Ia harus berpikir:] “Setelah disokong mereka, aku harus menyokong mereka. Aku harus melakukan tugas-tugas mereka untuk mereka. Aku harus menjaga tradisi keluarga. Aku akan layak atas warisanku. Setelah orangtuaku meninggal dunia aku akan membagikan persembahan mewakili mereka.”Dan ada lima cara oleh orangtua, yang dilayani demikian oleh putra mereka sebagai arah timur, akan membalas: mereka harus menjauhkannya dari kejahatan, mendukungnya dalam melakukan kebaikan, mengajarinya suatuketerampilan, mencarikan istri yang pantas dan, pada waktunya mewariskan warisan kepadanya. Dengan demikian arah timur telah dicakup, memberikan kedamaian dan bebas dari ketakutan di arah itu.",0.4460338056087494,
4,mengapa harus membalas budi orangtua,gte-multilingual-base,exp5.base,id,3,an2.32-41,an2.32-41:md9,anggara,"“Tetapi, para bhikkhu, jika orangtuanya tidak berkeyakinan, ia mendorong, memantapkan, dan menegakkan mereka dalam keyakinan; jika, orangtuanya tidak bermoral, ia mendorong, memantapkan, dan menegakkan mereka dalam perilaku bermoral; jika orangtuanya adalah orang-orang kikir, ia mendorong, memantapkan, dan menegakkan mereka dalam kedermawanan; jika orangtuanya tidak bijaksana, ia mendorong, memantapkan, dan menegakkan mereka dalam kebijaksanaan: maka dengan cara demikian, ia telah cukup melakukan untuk orangtuanya, membalas mereka, dan melakukan lebih dari cukup untuk mereka.”",0.2728696763515472,
4,mengapa harus membalas budi orangtua,gte-multilingual-base,exp5.base,id,4,an5.58,an5.58:md7,anggara,"(1) “Di sini, Mahānāma, dengan kekayaan yang diperoleh melalui usaha bersemangat, dikumpulkan dengan kekuatan lengannya, dicari dengan keringat di dahinya, kekayaan yang baik yang diperoleh dengan baik, seorang anggota keluarga menghormati, menjunjung, menghargai, dan memuliakan orangtuanya. Orangtuanya, karena dihormati, dijunjung, dihargai, dan dimuliakan, akan berbelas kasihan padanya dengan pikiran baik, berpikir: ‘Semoga engkau berumur panjang dan mempertahankan umur panjang.’ Ketika orangtua seorang anggota keluarga berbelas kasihan padanya, maka hanya kemajuan yang dapat diharapkan, bukan kemunduran.",0.0637564808130264,
4,mengapa harus membalas budi orangtua,gte-multilingual-base,exp5.base,id,5,an5.33,an5.33:md7,anggara,"(1) “Baiklah, gadis-gadis, kalian harus berlatih sebagai berikut: ‘Kepada suami yang mana pun orangtua kami menyerahkan kami—yang dilakukan karena menginginkan kebaikan kami, mengupayakan kesejahteraan kami, berbelas kasihan pada kami, bertindak demi belas kasihan pada kami—kami harus bagun sebelum ia bangun tidur dan pergi tidur setelah ia pergi tidur, melakukan apa pun yang harus dilakukan, bertingkah laku menyenangkan dan ramah dalam bertutur kata.’ Demikianlah kalian harus berlatih.",0.0364961214363575,
5,perumpamaan perumpamaan,gte-multilingual-base,exp5.base,id,1,dn23,dn23:md22,anggara,"‘Pangeran, aku akan memberikan satu perumpamaan, karena beberapa orang bijaksana akan memahami apa yang disampaikan melalui perumpamaan. Suatu ketika, Pangeran, seorang Brahmana memiliki dua istri. Salah satunya memiliki seorang putra berusia sepuluh atau dua belas tahun, sementara yang lainnya dalam keadaan hamil dan menjelang melahirkan saat Sang Brahmana meninggal dunia. Kemudian anak muda itu berkata kepada ibu tirinya: “Nyonya, apapun kekayaan yang ada, perak atau emas, semuanya milikku. Ayahku telah menunjukku sebagai pewarisnya.” Dan sang nyonya Brahmana itu berkata kepada si anak muda: “Tunggulah, anak muda, sampai aku melahirkan. Jika anak ini laki-laki maka sebagian adalah miliknya, dan jika perempuan, maka ia akan menjadi pelayanmu.” Anak muda itu mengulangi kata-katanya untuk kedua kali, dan menerima jawaban yang sama. Ketika ia mengulangi untuk ketiga kalinya, sang nyonya mengambil pisau, dan masuk ke ruang dalam, membelah perutnya, berpikir: “Seandainya aku tahu apakah anak ini laki-laki atau perempuan!” Dan demikianlah ia menghancurkan dirinya sendiri dan janinnya, dan kekayaannya juga, bagaikan si dungu yang mencari warisannya dengan tidak bijaksana, tidak menyadari bahaya tersembunyi.",0.913628876209259,
5,perumpamaan perumpamaan,gte-multilingual-base,exp5.base,id,2,dn23,dn23:md13,anggara,"‘Pangeran, aku akan memberikan satu perumpamaan, karena beberapa orang bijaksana akan memahami apa yang disampaikan melalui perumpamaan. Seandainya ada seseorang yang terjatuh ke dalam lubang kotoran dengan kepala jatuh terlebih dulu, dan engkau mengatakan kepada para pelayanmu: “Angkat orang itu keluar dari lubang itu!” dan mereka menjawab: “Baiklah”, dan melakukan hal itu. Kemudian engkau akan mengatakan kepada mereka agar membersihkan badan orang itu dari kotoran dengan pengerik dari bambu, dan kemudian membersihkan pencuci rambut tiga kali dengan pasir kuning. Kemudian engkau mengatakan kepada mereka untuk mengoleskan minyak ke badan orang itu dan kemudian memandikannya tiga kali dengan bubuk sabun yang baik. Kemudian engkau mengatakan kepada mereka untuk mencukur rambut dan janggutnya, dan menghiasnya dengan karangan bunga harum, salep dan pakaian. Akhirnya engkau mengatakan kepada mereka untuk membawanya ke istanamu dan membiarkan ia menikmati kenikmatan lima indria, dan mereka melakukan semua hal itu. Bagaimana menurutmu, Pangeran? Apakah orang itu, setelah mandi bersih, dengan rambut dan janggut tercukur rapi, dhias dengan karangan bunga, berpakaian putih, dan dibawa ke istana, menikmati dan bergembira dalam kenikmatan lima indria, ingin pergi ke lubang kotoran itu lagi?’ ‘Tidak, Yang Mulia Kassapa.’ ‘Mengapa tidak?’ ‘Karena lubang kotoran itu kotor dan dianggap demikian, bau, mengerikan, menjijikkan, dan biasanya dianggap demikian.’",0.8514501452445984,
5,perumpamaan perumpamaan,gte-multilingual-base,exp5.base,id,3,mn76,mn76:md50,anggara,"“Sehubungan dengan hal itu, Sandaka, aku akan memberikan sebuah perumpamaan kepadamu, karena beberapa orang bijaksana di sini memahami makna dari suatu pernyataan melalui perumpamaan. Misalkan tangan dan kaki seseorang dipotong. Apakah ia berjalan atau berdiri atau tertidur atau terjaga, tangan dan kakinya terus-menerus dan senantiasa terpotong, tetapi ia mengetahui hal ini hanya ketika ia meninjau faktanya. Demikian pula, Sandaka, jika seorang bhikkhu adalah seorang Arahant dengan noda-noda dihancurkan … pengetahuan dan penglihatannya bahwa noda-nodanya telah dihancurkan tidaklah terus-menerus ada dan tidak terputus dalam dirinya apakah ia sedang berjalan atau berdiri atau tertidur atau terjaga; sebaliknya, ia mengetahui: ‘Noda-nodaku telah dihancurkan’ hanya ketika ia meninjau faktanya.”",0.8305652737617493,
5,perumpamaan perumpamaan,gte-multilingual-base,exp5.base,id,4,mn24,mn24:md16,anggara,"“Sehubungan dengan hal tersebut, teman, aku akan memberikan sebuah perumpamaan, karena orang-orang bijaksana memahami makna dari suatu pernyataan melalui perumpamaan. Misalkan bahwa Raja Pasenadi dari Kosala sewaktu menetap di Sāvatthī menghadapi suatu urusan yang harus diselesaikan segera di Sāketa, dan bahwa antara Sāvatthī dan Sāketa tujuh kereta telah dipersiapkan untuknya. Kemudian Raja Pasenadi dari Kosala, meninggalkan Sāvatthī melalui pintu istana dalam, menaiki kereta pertama, dan dengan mengendarai kereta pertama ia akan tiba di kereta ke dua; kemudian ia akan turun dari kereta pertama dan naik ke kereta ke dua, dan dengan mengendarai kereta ke dua, ia akan tiba di kereta ke tiga … dengan mengendarai kereta ke tiga, ia akan tiba di kereta ke empat … dengan mengendarai kereta ke empat, ia akan tiba di kereta ke lima … dengan mengendarai kereta ke lima, ia akan tiba di kereta ke enam … dengan mengendarai kereta ke enam, ia akan tiba di kereta ke tujuh, dan dengan mengendarai kereta ke tujuh, ia akan tiba di pintu istana dalam di Sāketa. Kemudian, ketika ia telah sampai di pintu istana dalam, teman-teman dan kenalannya, kerabat dan sanak saudaranya, akan bertanya: ‘Baginda, apakah engkau datang dari Sāvatthī dengan mengendarai kereta ini?’ Bagaimanakah seharusnya Raja Pasenadi dari Kosala menjawabnya dengan benar?”",0.7964329719543457,
5,perumpamaan perumpamaan,gte-multilingual-base,exp5.base,id,5,mn127,mn127:md24,anggara,"“Sehubungan dengan hal itu, Teman Kaccāna, aku akan memberikan perumpamaan, karena seorang bijaksana di sini memahami makna dari suatu pernyataan melalui perumpamaan. Misalkan sebuah lampu minyak menyala dari minyak yang tidak murni dan sumbu yang tidak murni; karena ketidak-murnian minyak dan sumbunya lampu itu menyala dengan suram. Demikian pula, di sini seorang bhikkhu berdiam dengan melingkupi dan meliputi suatu wilayah dengan cahaya ternoda. Kelembaman jasmaninya tidak sepenuhnya sirna, ketumpulan dan kelambanannya tidak sepenuhnya dilenyapkan, kegelisahan dan penyesalannya tidak sepenuhnya tersingkirkan; karena hal-hal ini, maka ia bermeditasi, seperti sewajarnya, dengan suram. Ketika hancurnya jasmani, setelah kematian, ia muncul kembali di tengah-tengah para dewa dengan Cahaya Ternoda.",0.7945624589920044,
6,apa itu kemurahan hati,gte-multilingual-base,exp5.base,id,1,an2.151-162,an2.151-162:md2,anggara,"“Para bhikkhu, ada dua jenis kemurahan hati ini. Apakah dua ini? Kemurahan hati dengan benda-benda materi dan kemurahan hati dengan Dhamma. Ini adalah kedua jenis kemurahan hati itu. Di antara kedua jenis kemurahan hati ini, kemurahan hati dengan Dhamma adalah yang terunggul.”",0.9152382612228394,
6,apa itu kemurahan hati,gte-multilingual-base,exp5.base,id,2,an3.120,an3.120:md4,anggara,"(3) “Dan apakah kemurnian pikiran? Di sini, seseorang adalah tanpa kerinduan, tanpa niat buruk, dan menganut pandangan benar. Ini disebut kemurnian pikiran.",0.2467556446790695,
6,apa itu kemurahan hati,gte-multilingual-base,exp5.base,id,3,an3.121,an3.121:md5,anggara,"“Ketika terdapat niat buruk dalam dirinya … Ketika terdapat ketumpulan dan kantuk dalam dirinya … Ketika terdapat kegelisahan dan penyesalan dalam dirinya … … Ketika terdapat keragu-raguan dalam dirinya, ia memahami: ‘Terdapat keragu-raguan dalam diriku’; atau ketika tidak terdapat keragu-raguan dalam dirinya, ia memahami: ‘Tidak terdapat keragu-raguan dalam diriku’; dan ia juga memahami bagaimana keragu-raguan yang belum muncul menjadi muncul, bagaimana keragu-raguan yang telah muncul ditinggalkan, dan bagaimana keragu-raguan yang telah ditinggalkan tidak muncul lagi di masa depan. Ini disebut kemurnian pikiran.",0.0763592198491096,
6,apa itu kemurahan hati,gte-multilingual-base,exp5.base,id,4,an3.121,an3.121:md4,anggara,"(3) “Dan apakah kemurnian pikiran? Di sini, ketika terdapat keinginan indria dalam dirinya, seorang bhikkhu memahami: ‘Terdapat keinginan indria dalam diriku’; atau ketika tidak terdapat keinginan indria dalam dirinya, seorang bhikkhu memahami: ‘Tidak terdapat keinginan indria dalam diriku’; dan ia juga memahami bagaimana keinginan indria yang belum muncul menjadi muncul, bagaimana keinginan indria yang telah muncul ditinggalkan, dan bagaimana keinginan indria yang telah ditinggalkan tidak muncul lagi di masa depan.",0.0482356771826744,
6,apa itu kemurahan hati,gte-multilingual-base,exp5.base,id,5,an3.121,an3.121:md1,anggara,"”Para bhikkhu, ada tiga kemurnian ini. Apakah tiga ini? Kemurnian jasmani, kemurnian ucapan, dan kemurnian pikiran.",0.0330280885100364,
7,penjelasan tentang perhatian murni,gte-multilingual-base,exp5.base,id,1,mn119,mn119:md25,anggara,"“Kemudian, para bhikkhu, dengan meninggalkan kenikmatan dan kesakitan, dan dengan pelenyapan sebelumnya kegembiraan dan kesedihan, seorang bhikkhu masuk dan berdiam dalam jhāna ke empat, yang memiliki bukan-kesakitan-juga-bukan-kenikmatan dan kemurnian perhatian karena keseimbangan. Ia duduk dengan meliputi tubuh ini dengan pikiran yang murni dan cerah, sehingga tidak ada bagian dari tubuhnya yang tidak terliputi oleh pikiran yang murni dan cerah. Bagaikan seorang yang duduk dan ditutupi dengan kain putih dari kepala ke bawah, sehingga tidak ada bagian dari tubuhnya yang tidak tertutupi oleh kain putih itu; demikian pula, seorang bhikkhu duduk dengan meliputi tubuh ini dengan pikiran yang murni dan cerah, sehingga tidak ada bagian dari tubuhnya yang tidak terliputi oleh pikiran yang murni dan cerah itu. Ketika ia berdiam demikian dengan rajin, tekun, dan bersungguh-sungguh, ingatan-ingatan dan kehendak-kehendaknya yang berdasarkan pada kehidupan rumah tangga ditinggalkan; dengan ditinggalkannya hal-hal itu pikirannya menjadi kokoh secara internal, tenang, terpusat, dan terkonsentrasi. Itu juga adalah bagaimana seorang bhikkhu mengembangkan perhatian pada jasmani.",0.650671124458313,
7,penjelasan tentang perhatian murni,gte-multilingual-base,exp5.base,id,2,an5.14,an5.14:md5,anggara,"(4) “Dan apakah kekuatan konsentrasi? Di sini, dengan terasing dari kenikmatan-kenikmatan indria, terasing dari kondisi-kondisi tidak bermanfaat, seorang bhikkhu masuk dan berdiam dalam jhāna pertama, dengan sukacita dan kenikmatan yang muncul dari keterasingan, yang disertai oleh pemikiran dan pemeriksaan. Dengan meredanya pemikiran dan pemeriksaan, ia masuk dan berdiam dalam jhāna ke dua, yang memiliki ketenangan internal dan keterpusatan pikiran, dengan sukacita dan kenikmatan yang muncul dari konsentrasi, tanpa pemikiran dan pemeriksaan. Dengan memudarnya sukacita, ia berdiam seimbang dan, penuh perhatian dan memahami dengan jernih, ia mengalami kenikmatan pada jasmani; ia masuk dan berdiam dalam jhāna ke tiga yang dinyatakan oleh para mulia: ‘Ia seimbang, penuh perhatian, seorang yang berdiam dengan bahagia.’ Dengan meninggalkan kenikmatan dan kesakitan, dan dengan pelenyapan sebelumnya atas kegembiraan dan kesedihan, ia masuk dan berdiam dalam jhāna ke empat, yang bukan menyakitkan juga bukan menyenangkan, dengan pemurnian perhatian melalui keseimbangan. Ini disebut kekuatan konsentrasi.",0.2588035464286804,
7,penjelasan tentang perhatian murni,gte-multilingual-base,exp5.base,id,3,sn45.8,sn45.8:md11,anggara,"“Dan apakah, para bhikkhu, konsentrasi benar? Di sini, para bhikkhu, dengan terasing dari kenikmatan indria, terasing dari kondisi-kondisi tidak bermanfaat, seorang bhikkhu masuk dan berdiam dalam jhāna pertama, yang disertai dengan pemikiran dan pemeriksaan, dengan sukacita dan kebahagiaan yang timbul dari keterasingan. Dengan meredanya pemikiran dan pemeriksaan, ia masuk dan berdiam dalam jhāna ke dua, yang memiliki keyakinan internal dan keterpusatan pikiran, yang tanpa pemikiran dan tanpa pemeriksaan, dan memiliki sukacita dan kebahagiaan yang timbul dari konsentrasi. Dengan meluruhnya sukacita, ia berdiam dalam keseimbangan dan, penuh perhatian dan memahami dengan jernih, ia mengalami kebahagiaan dalam jasmani; ia masuk dan berdiam dalam jhāna ke tiga yang dikatakan oleh para mulia: ‘Ia seimbang, penuh perhatian, seorang yang berdiam dalam kebahagiaan.’ Dengan meninggalkan kenikmatan dan kesakitan, ia masuk dan berdiam dalam jhāna ke empat, yang bukan menyakitkan juga bukan menyenangkan dan termasuk pemurnian perhatian oleh keseimbangan. Ini disebut konsentrasi benar.”",0.2157734334468841,
7,penjelasan tentang perhatian murni,gte-multilingual-base,exp5.base,id,4,an4.41,an4.41:md2,anggara,"(1) “Dan apakah, para bhikkhu, pengembangan konsentrasi yang mengarah pada keberdiaman berbahagia dalam kehidupan ini? Di sini, dengan terasing dari kenikmatan-kenikmatan indria, terasing dari kondisi-kondisi tidak bermanfaat, seorang bhikkhu masuk dan berdiam dalam jhāna pertama, dengan sukacita dan kenikmatan yang muncul dari keterasingan, yang disertai oleh pemikiran dan pemeriksaan. Dengan meredanya pemikiran dan pemeriksaan, ia masuk dan berdiam dalam jhāna ke dua, yang memiliki ketenangan internal dan keterpusatan pikiran, dengan sukacita dan kenikmatan yang muncul dari konsentrasi, tanpa pemikiran dan pemeriksaan. Dengan memudarnya sukacita, ia berdiam seimbang dan, penuh perhatian dan memahami dengan jernih, ia mengalami kenikmatan pada jasmani; ia masuk dan berdiam dalam jhāna ke tiga yang dinyatakan oleh para mulia: ‘Ia seimbang, penuh perhatian, seorang yang berdiam dengan bahagia.’ Dengan meninggalkan kenikmatan dan kesakitan, dan dengan pelenyapan sebelumnya atas kegembiraan dan kesedihan, ia masuk dan berdiam dalam jhāna ke empat, yang bukan menyakitkan juga bukan menyenangkan, dengan pemurnian perhatian melalui keseimbangan. Ini disebut pengembangan konsentrasi yang mengarah pada keberdiaman berbahagia dalam kehidupan ini.",0.1888065189123153,
7,penjelasan tentang perhatian murni,gte-multilingual-base,exp5.base,id,5,sn48.10,sn48.10:md5,anggara,"“Dan apakah, para bhikkhu, indria konsentrasi? Di sini, para bhikkhu, siswa mulia memperoleh konsentrasi, memperoleh keterpusatan pikiran, setelah melepaskan objek. Dengan terasing dari kenikmatan indria, terasing dari kondisi-kondisi tidak bermanfaat, ia masuk dan berdiam dalam jhāna pertama, yang disertai dengan pemikiran dan pemeriksaan, dengan sukacita dan kebahagiaan yang muncul dari keterasingan. Dengan meredanya pemikiran dan pemeriksaan, ia masuk dan berdiam dalam jhāna ke dua, yang memiliki keyakinan internal dan keterpusatan pikiran, tanpa pemikiran dan pemeriksaan, dan memiliki sukacita dan kebahagiaan yang muncul dari konsentrasi. Dengan meluruhnya sukacita, ia berdiam dengan seimbang dan, penuh perhatian dan memahami dengan jernih, ia mengalami kebahagiaan pada jasmani; ia masuk dan berdiam dalam jhāna ke tiga, yang dikatakan oleh para mulia: ‘Ia seimbang, penuh perhatian, seorang yang berdiam dengan bahagia.’ Dengan ditinggalkannya kenikmatan dan kesakitan, dan dengan pelenyapan sebelumnya atas kegembiraan dan ketidak-senangan, ia masuk dan berdiam dalam jhāna ke empat, yang bukan-menyakitkan juga bukan-menyenangkan dan termasuk pemurnian perhatian melalui keseimbangan. Ini disebut indria konsentrasi.",0.1282384395599365,
8,manfaat pelaksaan sila,gte-multilingual-base,exp5.base,id,1,an6.97,an6.97:md1,anggara,"“Para bhikkhu, ada enam manfaat dalam merealisasikan buah memasuki-arus. Apakah enam ini? (1) Seseorang kokoh dalam Dhamma sejati; (2) ia tidak mampu mengalami kemunduran; (3) penderitaannya terbatas; (4) ia memiliki pengetahuan yang tidak dimiliki orang lain; (5) ia telah dengan jelas melihat sebab-akibat; (6) ia telah dengan jelas melihat fenomena-fenomena yang muncul melalui sebab-akibat. Ini adalah keenam manfaat dalam merealisasikan buah memasuki-arus.”",0.0791786760091781,
8,manfaat pelaksaan sila,gte-multilingual-base,exp5.base,id,2,an3.69,an3.69:md9,anggara,"(1) “Ketidak-serakahan apa pun yang muncul, para bhikkhu, adalah bermanfaat. [Perbuatan] apa pun yang dilakukan oleh seorang yang tidak serakah melalui jasmani, ucapan, dan pikiran adalah juga bermanfaat. Ketika seseorang tidak serakah, tidak dikendalikan oleh keserakahan, dengan pikiran tidak dikuasai oleh keserakahan, maka ia tidak mengakibatkan penderitaan pada orang lain dengan alasan palsu - dengan membunuh, dengan memenjarakan, dengan merampas, dengan mencela, atau dengan mengusir—dengan berpikir: ‘Aku berkuasa, aku menginginkan kekuasaan,’ itu juga adalah bermanfaat. Demikianlah banyak kualitas baik yang bermanfaat yang berasal-mula dari dalam dirinya muncul dari ketidak-serakahan, disebabkan oleh ketidak-serakahan, timbul dari ketidak-serakahan, dikondisikan oleh ketidak-serakahan.",0.0159544050693511,
8,manfaat pelaksaan sila,gte-multilingual-base,exp5.base,id,3,an10.1,an10.1:md21,anggara,"“Demikianlah, Ānanda, (1)-(2) tujuan dan manfaat dari perilaku bermoral yang bermanfaat adalah ketidak-menyesalan; (3) tujuan dan manfaat dari ketidak-menyesalan adalah kegembiraan; (4) tujuan dan manfaat dari kegembiraan adalah sukacita; (5) tujuan dan manfaat dari sukacita adalah ketenangan; (6) tujuan dan manfaat dari ketenangan adalah kenikmatan; (7) tujuan dan manfaat dari kenikmatan adalah konsentrasi; (8) tujuan dan manfaat dari konsentrasi adalah pengetahuan dan penglihatan pada segala sesuatu sebagaimana adanya; (9) tujuan dan manfaat dari pengetahuan dan penglihatan pada segala sesuatu sebagaimana adanya adalah kekecewaan dan kebosanan; dan (10) tujuan dan manfaat dari kekecewaan dan kebosanan adalah pengetahuan dan penglihatan pada kebebasan. Demikianlah, Ānanda, perilaku bermoral yang bermanfaat secara bertahap mengarah pada yang terunggul.”",0.0149582745507359,
8,manfaat pelaksaan sila,gte-multilingual-base,exp5.base,id,4,an11.1,an11.1:md23,anggara,"“Demikianlah, Ānanda, (1)-(2) tujuan dan manfaat dari perilaku bermoral yang bermanfaat adalah ketidak-menyesalan; (3) tujuan dan manfaat dari ketidak-menyesalan adalah kegembiraan; (4) tujuan dan manfaat dari kegembiraan adalah sukacita; (5) tujuan dan manfaat dari sukacita adalah ketenangan; (6) tujuan dan manfaat dari ketenangan adalah kenikmatan; (7) tujuan dan manfaat dari kenikmatan adalah konsentrasi; (8) tujuan dan manfaat dari konsentrasi adalah pengetahuan dan penglihatan pada segala sesuatu sebagaimana adanya; (9) tujuan dan manfaat dari pengetahuan dan penglihatan pada segala sesuatu sebagaimana adanya adalah kekecewaan; (10) tujuan dan manfaat dari kekecewaan adalah kebosanan; dan (11) tujuan dan manfaat dari kebosanan adalah pengetahuan dan penglihatan pada kebebasan. Demikianlah, Ānanda, perilaku bermoral yang bermanfaat secara bertahap mengarah pada yang terunggul.”",0.0147400563582777,
8,manfaat pelaksaan sila,gte-multilingual-base,exp5.base,id,5,an5.245,an5.245:md2,anggara,"Para bhikkhu, ada lima manfaat dalam perbuatan baik ini. Apakah lima ini? (1) Seseorang tidak menyalahkan diri sendiri. (2) Para bijaksana, setelah menyelidiki, memujinya. (3) Ia memperoleh reputasi baik. (4) Ia menjauh dari Dhamma palsu. (5) Ia kokoh dalam Dhamma sejati. Ini adalah kelima manfaat dalam perbuatan baik itu.”",0.0107069574296474,
9,jenis jenis kotoran batin,gte-multilingual-base,exp5.base,id,1,mn7,mn7,blurb,"Berbagai jenis ketidakmurnian yang mengotori batin diumpamakan seperti kain kotor. Ketika batin bersih, kita menemukan kegembiraan (<i lang='pi' translate='no'>pāmojja</i>) yang mengarah ke keadaan kesadaran yang lebih tinggi. Akhirnya, Sang Buddha menolak gagasan Brahmanis bahwa kesucian berasal dari aktivitas mandi di sungai suci.",0.5487273335456848,
9,jenis jenis kotoran batin,gte-multilingual-base,exp5.base,id,2,sn35.127,sn35.127:md5,anggara,"“Baginda, ini dikatakan oleh Sang Bhagavā yang mengetahui dan melihat, Sang Arahant, Yang Tercerahkan Sempurna: ‘Marilah, para bhikkhu, lihatlah tubuh ini ke atas dari telapak kaki hingga ke ujung rambut, ke bawah dari ujung rambut hingga ke telapak kaki, terbungkus di dalam kulit, sebagai penuh dengan banyak jenis kotoran: “Dalam tubuh ini terdapat rambut-kepala, bulu-badan, kuku, gigi, kulit, daging, urat, tulang, sumsum, ginjal, jantung, hati, selaput dada, limpa, paru-paru, usus, selaput pengikat organ dalam tubuh, isi perut, kotoran, empedu, dahak, nanah, darah, keringat, lemak, air mata, minyak, ludah, ingus, cairan sendi, air kencing.”’ Ini juga adalah sebab dan alasan, Baginda, mengapa para bhikkhu muda ini … menjalani kehidupan suci yang murni dan lengkap seumur hidup mereka dan memeliharanya terus-menerus.”",0.5055015087127686,
9,jenis jenis kotoran batin,gte-multilingual-base,exp5.base,id,3,thag10.5,thag10.5:md1,anggara,"Dipenuhi dengan berbagai jenis kotoran, Penghasil besar kotoran-tinja, Bagaikan kakus yang tidak bergerak, Bisul besar, luka besar,",0.4170891046524048,
9,jenis jenis kotoran batin,gte-multilingual-base,exp5.base,id,4,mn10,mn10:md16,anggara,"“Kemudian, seorang bhikkhu memeriksa jasmani yang sama ini dari telapak kaki ke atas dan dari ujung rambut ke bawah, terbungkus oleh kulit, sebagai dipenuhi kotoran: ‘Di dalam jasmani ini terdapat rambut kepala, bulu badan, kuku, gigi, kulit, daging, urat, tulang, sumsum, ginjal, jantung, hati, sekat rongga dada, limpa, paru-paru, usus, selaput pengikat organ dalam tubuh, isi perut, tinja, empedu, dahak, nanah, darah, keringat, lemak, air mata, minyak, ludah, ingus, cairan sendi, dan air kencing.’ Bagaikan ada sebuah karung, yang terbuka di kedua ujungnya, penuh dengan berbagai jenis biji-bijian seperti beras-gunung, beras merah, kacang buncis, kacang polong, milet, dan beras putih, dan seorang yang berpenglihatan baik membuka karung itu dan memeriksanya: ‘Ini adalah beras-gunung, Ini adalah beras-merah, Ini adalah kacang buncis, Ini adalah kacang polong, Ini adalah milet, ini adalah beras putih’; demikian pula seorang bhikkhu memeriksa jasmani ini … sebagai dipenuhi kotoran: ‘Di dalam jasmani ini terdapat rambut kepala … dan air kencing.’",0.2669256925582886,
9,jenis jenis kotoran batin,gte-multilingual-base,exp5.base,id,5,an6.29,an6.29:md10,anggara,"(3) “Kemudian, Bhante, seorang bhikkhu memeriksa jasmani ini ke atas dari telapak kaki, ke bawah dari ujung rambut, terbungkus oleh kulit, penuh dengan kotoran: ‘Ada dalam tubuh ini rambut kepala, bulu badan, kuku, gigi, kulit, daging, urat, tulang, sumsum, ginjal, jantung, hati, selaput dada, limpa, paru-paru, usus, selaput pengikat organ dalam tubuh, lambung, kotoran, empedu, dahak, nanah, darah, keringat, lemak, air mata, minyak, ludah, ingus, cairan sendi, air kencing.’ Subjek pengingatan ini, jika dikembangkan dan dilatih dengan cara ini, akan mengarah menuju ditinggalkannya nafsu indriawi.",0.2260229885578155,
10,kriteria kesucian,gte-multilingual-base,exp5.base,id,1,dn33,dn33:md217,anggara,"‘Tujuh prasyarat konsentrasi: pandangan benar, pemikiran benar, ucapan benar, perbuatan benar, penghidupan benar, usaha benar, perhatian benar.",0.1783431619405746,
10,kriteria kesucian,gte-multilingual-base,exp5.base,id,2,dn33,dn33:md258,anggara,"‘Sepuluh kualitas bukan-pelajar ( asekha ): Pandangan benar, pemikiran benar, ucapan benar, perbuatan benar, penghidupan benar, usaha benar, perhatian benar, konsentrasi benar; pengetahuan benar ( sammā-ñāṇam ), kebebasan benar ( sammāvimutti ) dari seorang bukan-pelajar.",0.0666036829352378,
10,kriteria kesucian,gte-multilingual-base,exp5.base,id,3,an6.84,an6.84:md2,anggara,"“Para bhikkhu, ketika seorang bhikkhu memiliki enam kualitas, apakah malam atau siang hari, hanya pertumbuhan dalam kualitas-kualitas bermanfaat, bukan kemerosotan, yang menantinya. Apakah enam ini? Di sini, (1) seorang bhikkhu tidak memiliki keinginan kuat, tidak merasa susah, dan puas dengan segala jenis jubah, makanan, tempat tinggal, dan obat-obatan dan perlengkapan bagi yang sakit; ia (2) memiliki keyakinan, (3) bermoral, (4) bersemangat, (5) penuh perhatian, dan (6) bijaksana. Ketika seorang bhikkhu memiliki keenam kualitas ini, apakah malam atau siang hari, hanya pertumbuhan dalam kualitas-kualitas bermanfaat, bukan kemerosotan, yang menantinya.",0.0234636943787336,
10,kriteria kesucian,gte-multilingual-base,exp5.base,id,4,dn33,dn33:md22,anggara,‘Keterampilan dalam [mengetahui] [delapan belas] unsur-unsur dan dalam memperhatikannya ( dhātu-kusalatā ca manasikāra-kusalatā-ca ).,0.0146403862163424,
10,kriteria kesucian,gte-multilingual-base,exp5.base,id,5,an7.95,an7.95:md6,anggara,"(5) “Kemudian, seseorang berdiam dengan merenungkan ketidak-kekalan dalam mata, mempersepsikan ketidak-kekalan, mengalami ketidak-kekalan, secara konstan, terus-menerus, dan tanpa terputus berfokus padanya dengan pikiran, memahaminya dengan kebijaksanaan. Dengan kehancuran sepenuhnya lima belenggu yang lebih rendah, ia menjadi seorang yang mencapai nibbāna tanpa berusaha. Ini adalah orang jenis ke lima yang layak menerima pemberian …",0.0134295439347624,
11,siapa yang layak disebut sebagai brahmana,gte-multilingual-base,exp5.base,id,1,mn98,mn98:md3,anggara,"Kemudian, sewaktu murid brahmana Vāseṭṭha dan Bhāradvāja sedang berjalan-jalan untuk berolah-raga, diskusi berikut ini terjadi antara mereka: “Bagaimanakah seseorang disebut seorang brahmana?” Murid brahmana Bhāradvāja berkata: “Jika ia berasal dari kelahiran baik pada kedua pihak, keturunan dari ibu dan ayah yang murni hingga tujuh generasi sebelumnya, tidak dapat dibantah dan tanpa cela dalam hal kelahiran, maka ia adalah seorang brahmana.” Murid brahmana Vāseṭṭha berkata: “Jika ia bermoral dan mematuhi peraturan-peraturan, maka ia adalah seorang brahmana.”",0.94057297706604,
11,siapa yang layak disebut sebagai brahmana,gte-multilingual-base,exp5.base,id,2,an5.192,an5.192:md12,anggara,"(4) “Dan bagaimanakah, Doṇa, seorang brahmana yang telah melewati batas? Di sini, seorang brahmana yang terlahir baik dari kedua pihak ibu dan ayahnya, dari keturunan murni, tidak dapat dibantah dan tidak tercela sehubungan dengan kelahiran hingga generasi ke tujuh pihak ayahnya. Ia menjalani kehidupan spiritual selibat-perjaka selama empat puluh delapan tahun, mempelajari himne-himne. Kemudian ia mencari imbalan guru untuk gurunya hanya dengan cara yang sesuai Dhamma, bukan yang bertentangan dengan Dhamma. Dan apakah, Doṇa, Dhamma itu dalam hal ini? Bukan melalui pertanian, bukan melalui perdagangan, bukan melalui peternakan, bukan melalui keterampilan memanah, bukan melalui bekerja untuk raja, bukan melalui keterampilan tertentu, melainkan hanya dengan mengembara untuk menerima dana tanpa meremehkan mangkuknya. Setelah mempersembahkan imbalan guru kepada gurunya, ia mencari seorang istri baik yang sesuai Dhamma maupun yang bertentangan dengan Dhamma. [Ia menerima seorang istri] dengan membeli dan menjual juga seorang perempuan brahmana yang diberikan kepadanya dengan menuang air. Ia melakukan hubungan seksual dengan seorang perempuan brahmana, seorang perempuan khattiya, seorang perempuan vessa, seorang perempuan sudda, dan seorang perempuan caṇḍāla, dan seorang perempuan dari keluarga pemburu, pekerja bambu, pembuat kereta, atau pemetik bunga. Ia melakukan hubungan seksual dengan seorang perempuan hamil, dengan seorang perempuan yang menyusui, dengan seorang perempuan pada masa subur, dan dengan seorang perempuan pada saat masa tidak subur. Istri brahmana itu berfungsi sebagai kenikmatan indria, hiburan, dan kesenangan indria, juga untuk menghasilkan keturunan. Ia tidak berhenti pada batas kaum brahmana masa lampau melainkan melanggarnya. Karena ia tidak berhenti pada batas kaum brahmana masa lampau namun melanggarnya, maka ia disebut seorang brahmana yang melewati batas.",0.8842435479164124,
11,siapa yang layak disebut sebagai brahmana,gte-multilingual-base,exp5.base,id,3,mn98,mn98:md36,anggara,"“Aku menyebutnya bukan seorang brahmana Karena asal-usul dan silsilahnya Jika rintangan masih bersembunyi dalam dirinya, Ia hanyalah seorang yang mengatakan ‘Tuan.’ Siapapun yang tanpa rintangan dan tidak lagi melekat: Ia Kusebut seorang brahmana.",0.8637206554412842,
11,siapa yang layak disebut sebagai brahmana,gte-multilingual-base,exp5.base,id,4,an5.192,an5.192:md11,anggara,"(3) “Dan bagaimanakah, Doṇa, seorang brahmana yang tetap berada di dalam batas? Di sini, seorang brahmana yang terlahir baik dari kedua pihak ibu dan ayahnya, dari keturunan murni, tidak dapat dibantah dan tidak tercela sehubungan dengan kelahiran hingga generasi ke tujuh pihak ayahnya. Ia menjalani kehidupan spiritual selibat-perjaka selama empat puluh delapan tahun … [seluruhnya seperti di atas hingga] … Karena istri brahmana itu bukan berfungsi sebagai kenikmatan indria, hiburan, atau kesenangan indria, melainkan hanya demi menghasilkan keturunan. Ketika ia telah terlibat dalam aktivitas seksual, karena kemelekatan pada putranya ia bertahan pada kepemilikannya dan tidak meninggalkan keduniawian dari kehidupan rumah tangga menuju kehidupan tanpa rumah. Ia berhenti pada batas kaum brahmana masa lampau tetapi tidak melanggarnya. Karena ia berhenti pada batas kaum brahmana masa lampau tetapi tidak melanggarnya, maka ia disebut seorang brahmana yang tetap berada di dalam batas.",0.8469504714012146,
11,siapa yang layak disebut sebagai brahmana,gte-multilingual-base,exp5.base,id,5,an5.192,an5.192:md13,anggara,"(5) “Dan bagaimanakah, Doṇa, seorang brahmana adalah caṇḍāla seorang brahmana? Di sini, seorang brahmana yang terlahir baik dari kedua pihak ibu dan ayahnya, dari keturunan murni, tidak dapat dibantah dan tidak tercela sehubungan dengan kelahiran hingga generasi ke tujuh pihak ayahnya. Ia menjalani kehidupan spiritual selibat-perjaka selama empat puluh delapan tahun, mempelajari himne-himne. Kemudian ia mencari imbalan guru untuk gurunya baik dengan cara yang sesuai Dhamma maupun dengan cara yang bertentangan dengan Dhamma - melalui pertanian, melalui perdagangan, melalui peternakan, melalui keterampilan memanah, melalui bekerja untuk raja, melalui keterampilan tertentu, dan bukan hanya dengan mengembara untuk menerima dana tanpa meremehkan mangkuknya. Setelah mempersembahkan imbalan guru kepada gurunya, ia mencari seorang istri baik yang sesuai Dhamma maupun yang bertentangan dengan Dhamma. [Ia menerima seorang istri] dengan membeli dan menjual juga seorang perempuan brahmana yang diberikan kepadanya dengan menuang air. Ia melakukan hubungan seksual dengan seorang perempuan brahmana, seorang perempuan khattiya, seorang perempuan vessa, seorang perempuan sudda, dan seorang perempuan caṇḍāla, dan seorang perempuan dari keluarga pemburu, pekerja bambu, pembuat kereta, atau pemungut bunga. Ia melakukan hubungan seksual dengan seorang perempuan hamil, dengan seorang perempuan yang menyusui, dengan seorang perempuan pada masa subur, dan dengan seorang perempuan pada saat masa tidak subur. Istri brahmana itu bukan berfungsi sebagai kenikmatan indria, hiburan, dan kesenangan indria, juga untuk menghasilkan keturunan. Ia mencari penghidupannya melalui segala jenis pekerjaan. Para brahmana berkata kepadanya: ‘Mengapakah, Tuan, walaupun mengaku sebagai seorang brahmana, engkau mencari penghidupanmu melalui segala jenis pekerjaan? Ia menjawab mereka: ‘Bagaikan api yang membakar benda-benda yang murni maupun tidak murni namun tidak ternoda, demikian pula, tuan-tuan, jika seorang brahmana mencari penghidupannya melalui segala jenis pekerjaan, ia tidak karena itu menjadi ternoda.’ Karena ia mencari penghidupannya melalui segala jenis pekerjaan, maka brahmana ini disebut caṇḍāla seorang brahmana. Dengan cara inilah seorang brahmana menjadi seorang caṇḍāla brahmana.",0.7926660180091858,
12,kewajiban seorang bhikkhu,gte-multilingual-base,exp5.base,id,1,an3.92,an3.92:md3,anggara,"“Demikian pula, para bhikkhu, ada tiga tugas mendesak seorang bhikkhu. Apakah tiga ini? (1) Menjalankan latihan dalam perilaku bermoral yang lebih tinggi, (2) menjalankan latihan dalam pikiran yang lebih tinggi, dan (3) menjalankan latihan dalam kebijaksanaan yang lebih tinggi. Ini adalah ketiga tugas mendesak seorang bhikkhu.",0.9931908249855042,
12,kewajiban seorang bhikkhu,gte-multilingual-base,exp5.base,id,2,an3.83,an3.83:md2,anggara,"“Demikian pula, ada tiga tugas persiapan bagi seorang bhikkhu. Apakah tiga ini? (1) Menjalankan latihan dalam perilaku bermoral yang lebih tinggi, (2) menjalankan latihan dalam pikiran yang lebih tinggi, dan (3) menjalankan latihan dalam kebijaksanaan yang lebih tinggi. Ini adalah ketiga tugas persiapan bagi seorang bhikkhu.",0.984159529209137,
12,kewajiban seorang bhikkhu,gte-multilingual-base,exp5.base,id,3,an7.70,an7.70:md6,anggara,"“Bagus, bagus, Sāriputta! Seorang bhikkhu harus menghormati, menghargai, dan berdiam dengan bergantung pada Sang Guru sehingga ia dapat meninggalkan apa yang tidak bermanfaat dan mengembangkan apa yang bermanfaat. Ia harus menghormati, menghargai, dan berdiam dengan bergantung pada Dhamma … Saṅgha … latihan … konsentrasi … kewaspadaan … keramahan sehingga ia dapat meninggalkan apa yang tidak bermanfaat dan mengembangkan apa yang bermanfaat.”",0.9634142518043518,
12,kewajiban seorang bhikkhu,gte-multilingual-base,exp5.base,id,4,an3.20,an3.20:md8,anggara,"(2) “Dan bagaimanakah seorang bhikkhu bertanggung jawab? Di sini, seorang bhikkhu membangkitkan kegigihan untuk meninggalkan kualitas-kualitas tidak bermanfaat dan memperoleh kualitas-kualitas bermanfaat; ia kuat, kokoh dalam usaha, tidak melalaikan tugas melatih kualitas-kualitas bermanfaat. Demikianlah seorang bhikkhu bertanggung jawab.",0.9585229754447936,
12,kewajiban seorang bhikkhu,gte-multilingual-base,exp5.base,id,5,an7.70,an7.70:md2,anggara,"Kemudian ia berpikir: “(1) Seorang bhikkhu harus menghormati, menghargai, dan berdiam dengan bergantung pada Sang Guru sehingga ia dapat meninggalkan apa yang tidak bermanfaat dan mengembangkan apa yang bermanfaat. (2) Ia harus menghormati, menghargai, dan berdiam dengan bergantung pada Dhamma … (3) … Saṅgha … (4) … latihan … (5) … konsentrasi … (6) … kewaspadaan … (7) … keramahan sehingga ia dapat meninggalkan apa yang tidak bermanfaat dan mengembangkan apa yang bermanfaat.”",0.9514437913894652,
13,berbagai jenis pemberian,gte-multilingual-base,exp5.base,id,1,mn142,mn142:md11,anggara,"“Terdapat empat belas jenis persembahan pribadi, Ānanda. Seseorang yang memberikan suatu pemberian kepada Sang Tathāgata, yang sempurna dan tercerahkan sempurna; ini adalah persembahan pribadi jenis pertama. Seseorang yang memberikan suatu pemberian kepada seorang Paccekabuddha; ini adalah persembahan pribadi jenis ke dua. Seseorang yang memberikan suatu pemberian kepada seorang Arahant siswa Sang Tathāgata; ini adalah persembahan pribadi jenis ke tiga. Seseorang yang memberikan suatu pemberian kepada seorang yang telah memasuki jalan untuk mencapai buah Kearahattaan; ini adalah persembahan pribadi jenis ke empat. Seseorang yang memberikan suatu pemberian kepada seorang yang-tidak-kembali; ini adalah persembahan pribadi jenis ke lima. Seseorang yang memberikan suatu pemberian kepada seorang yang telah memasuki jalan untuk mencapai buah yang-tidak-kembali; ini adalah persembahan pribadi jenis ke enam. Seseorang yang memberikan suatu pemberian kepada seorang yang-kembali-sekali; ini adalah persembahan pribadi jenis ke tujuh. Seseorang yang memberikan suatu pemberian kepada seorang yang telah memasuki jalan untuk mencapai buah yang-kembali-sekali; ini adalah persembahan pribadi jenis ke delapan. Seseorang yang memberikan suatu pemberian kepada seorang pemasuk-arus; ini adalah persembahan pribadi jenis ke sembilan. Seseorang yang memberikan suatu pemberian kepada seorang yang telah memasuki jalan untuk mencapai buah memasuki-arus; ini adalah persembahan pribadi jenis ke sepuluh. Seseorang memberikan suatu pemberian kepada seseorang di luar Pengajaran yang bebas dari nafsu akan kenikmatan indria; ini adalah persembahan pribadi jenis ke sebelas. Seseorang memberikan suatu pemberian kepada seorang biasa yang bermoral; ini adalah persembahan pribadi jenis ke dua belas. Seseorang memberikan suatu pemberian kepada seorang biasa yang tidak bermoral; ini adalah persembahan pribadi jenis ke tiga belas. Seseorang memberikan suatu pemberian kepada binatang: ini adalah persembahan pribadi jenis ke empat belas.",0.9620609879493712,
13,berbagai jenis pemberian,gte-multilingual-base,exp5.base,id,2,an2.141-150,an2.141-150:md2,anggara,"“Para bhikkhu, ada dua jenis pemberian ini. Apakah dua ini? Pemberian benda-benda materi dan pemberian Dhamma. Ini adalah kedua jenis pemberian itu. Di antara kedua jenis pemberian ini, pemberian Dhamma adalah yang terunggul.”",0.9533143043518066,
13,berbagai jenis pemberian,gte-multilingual-base,exp5.base,id,3,an2.151-162,an2.151-162:md14,anggara,"“Para bhikkhu, ada dua jenis pemberian ini untuk dipersembahkan kepada seorang tamu. Pemberian benda-benda materi dan pemberian Dhamma. Ini adalah kedua jenis pemberian itu untuk dipersembahkan kepada seorang tamu. Di antara kedua jenis pemberian untuk dipersembahkan kepada seorang tamu ini, pemberian Dhamma adalah yang terunggul.”",0.9368022680282592,
13,berbagai jenis pemberian,gte-multilingual-base,exp5.base,id,4,mn142,mn142:md14,anggara,"“Terdapat tujuh jenis persembahan yang diberikan kepada Sangha, Ānanda. Seseorang memberikan suatu pemberian kepada kedua kelompok Sangha baik bhikkhu maupun bhikkhunī yang dipimpin oleh Sang Buddha; ini adalah persembahan kepada Sangha jenis pertama. Seseorang memberikan suatu pemberian kepada kedua kelompok Sangha baik bhikkhu maupun bhikkhunī setelah Sang Tathāgata mencapai Nibbāna akhir; ini adalah persembahan kepada Sangha jenis ke dua. Seseorang memberikan suatu pemberian kepada Sangha para bhikkhu; ini adalah persembahan kepada Sangha jenis ke tiga. Seseorang memberikan suatu pemberian kepada Sangha para bhikkhunī; ini adalah persembahan kepada Sangha jenis ke empat. Seseorang memberikan suatu pemberian, dengan mengatakan: ‘Tunjuklah untukku sejumlah tertentu para bhikkhu dan bhikkhunī dari Sangha’; ini adalah persembahan kepada Sangha jenis ke lima. Seseorang memberikan suatu pemberian, dengan mengatakan: ‘Tunjuklah untukku sejumlah tertentu para bhikkhu dari Sangha’; ini adalah persembahan kepada Sangha jenis ke enam. Seseorang memberikan suatu pemberian, dengan mengatakan: ‘Tunjuklah untukku sejumlah tertentu para bhikkhunī dari Sangha’; ini adalah persembahan kepada Sangha jenis ke tujuh.",0.8394118547439575,
13,berbagai jenis pemberian,gte-multilingual-base,exp5.base,id,5,an5.148,an5.148:md2,anggara,"“(1) Karena ia memberikan dengan penuh keyakinan, maka di mana pun akibat dari pemberian itu berbuah, ia menjadi kaya, dengan harta dan kekayaan berlimpah, dan ia menjadi tampan, menarik, anggun, memiliki penampilan yang luar biasa baik. (2) Karena ia memberikan pemberian dengan hormat, maka di mana pun akibat dari pemberian itu berbuah, ia menjadi kaya, dengan harta dan kekayaan berlimpah, dan anak-anak dan istri-istrinya, para budak, para pelayan, dan para pekerjanya patuh, menyimak, dan mengarahkan pikiran mereka untuk memahami. (3) Karena memberikan pemberian yang tepat waktu, maka di mana pun akibat dari pemberian itu berbuah, ia menjadi kaya, dengan harta dan kekayaan berlimpah, dan manfaat-manfaat yang sesuai waktunya mendatanginya secara berlimpah. (4) Karena ia memberikan tanpa enggan, maka di mana pun akibat dari pemberian itu berbuah, ia menjadi kaya, dengan harta dan kekayaan berlimpah, dan pikirannya condong pada kenikmatan lima jenis kenikmatan indria. (5) Karena memberikan pemberian tanpa melukai dirinya atau orang lain, maka di mana pun akibat dari pemberian itu berbuah, ia menjadi kaya, dengan harta dan kekayaan berlimpah, dan tidak ada kerusakan pada hartanya dari sumber mana pun, apakah dari api, banjir, raja-raja, pencuri, atau pewaris yang tidak disukai. Ini adalah kelima pemberian dari orang baik.”",0.7921474575996399,
14,apa makna kekosongan,gte-multilingual-base,exp5.base,id,1,mn121,mn121:md13,anggara,"“Ia memahami sebagai berikut: ‘Gangguan apapun juga yang bergantung pada noda keinginan indria, gangguan itu tidak ada di sini; Gangguan apapun juga yang bergantung pada noda penjelmaan, gangguan itu tidak ada di sini; Gangguan apapun juga yang bergantung pada noda ketidak-tahuan, gangguan itu tidak ada di sini. Hanya ada gangguan ini, yaitu, yang berhubungan dengan enam landasan yang bergantung pada jasmani dan dikondisikan oleh kehidupan.’ Ia memahami: ‘Bidang persepsi ini adalah kosong dari noda keinginan indria; bidang persepsi ini adalah kosong dari noda penjelmaan; bidang persepsi ini adalah kosong dari noda ketidak-tahuan. Hanya ada ketidak-kosongan ini, yaitu, yang berhubungan dengan enam landasan yang bergantung pada jasmani dan dikondisikan oleh kehidupan.’ Demikianlah ia menganggapnya sebagai kosong dari apa yang tidak ada di sana, tetapi sehubungan dengan apa yang ada di sana ia memahami apa yang ada di sana sebagai berikut: ‘Ini ada.’ Demikianlah, Ānanda, ini adalah masuknya ia ke dalam kekosongan, yang asli, tidak menyimpang, dan murni, yang tertinggi dan tidak terlampaui.",0.5789945721626282,
14,apa makna kekosongan,gte-multilingual-base,exp5.base,id,2,mn106,mn106:md8,anggara,"“Kemudian, para bhikkhu, seorang siswa mulia mempertimbangkan sebagai berikut: ‘Kenikmatan indria di sini dan saat ini dan kenikmatan indria pada kehidupan-kehidupan mendatang, persepsi indria di sini dan saat ini dan persepsi indria pada kehidupan-kehidupan mendatang, bentuk-bentuk materi di sini dan saat ini dan bentuk-bentuk materi pada kehidupan-kehidupan mendatang, persepsi bentuk-bentuk di sini dan saat ini dan persepsi bentuk-bentuk pada kehidupan-kehidupan mendatang, dan persepsi-persepsi ketanpa-gangguan—semuanya adalah persepsi. Di mana persepsi-persepsi ini lenyap tanpa sisa, yang damai, yang luhur, yaitu, landasan kekosongan.’ Ketika ia mempraktikkan dengan cara ini dan sering berdiam demikian, pikirannya memperoleh keyakinan di dalam landasan ini. Begitu ada keyakinan penuh, ia mencapai landasan kekosongan saat ini atau ia bertekad untuk mencapainya dengan kebijaksanaan. Ketika hancurnya jasmani, setelah kematian, adalah mungkin bahwa kesadaran yang berkembang bisa berlanjut pada kelahiran kembali di dalam landasan kekosongan. Ini, para bhikkhu, dinyatakan sebagai cara ke pertama yang mengarah pada landasan kekosongan.",0.536791205406189,
14,apa makna kekosongan,gte-multilingual-base,exp5.base,id,3,an9.42,an9.42:md12,anggara,"(7) “Kemudian, teman, dengan sepenuhnya melampaui landasan kesadaran tanpa batas, [dengan menyadari] ‘tidak ada apa-apa,’ seorang bhikkhu masuk dan berdiam dalam landasan kekosongan. Hingga sejauh ini juga Sang Bhagavā telah membabarkan pencapaian sebuah bukaan di tengah-tengah kurungan dalam makna sementara. Di sana juga terdapat kurungan. Dan apakah kurungan di sana? Persepsi landasan kekosongan apa pun yang belum lenyap di sana adalah kurungan dalam hal ini.",0.5280673503875732,
14,apa makna kekosongan,gte-multilingual-base,exp5.base,id,4,mn121,mn121:md5,anggara,"“Ānanda, seperti halnya istana Ibunya Migāra ini kosong dari gajah-gajah, sapi-sapi, kuda-kuda jantan, dan kuda-kuda betina, kosong dari emas dan perak, kosong dari kumpulan laki-laki dan perempuan, dan hanya ada ketidak-kosongan ini, yaitu, ketergantungan tunggal pada Sangha para bhikkhu; demikian pula, seorang bhikkhu—dengan tidak memperhatikan persepsi desa, tidak memperhatikan persepsi orang-orang—memperhatikan ketergantungan tunggal pada persepsi hutan. Pikirannya memasuki persepsi hutan itu dan memperoleh keyakinan, kekokohan, dan kesungguhan. Ia memahami sebagai berikut: ‘Gangguan apapun juga yang bergantung pada persepsi desa, gangguan itu tidak ada di sini; Gangguan apapun juga yang bergantung pada persepsi orang-orang, gangguan itu tidak ada di sini. Hanya ada gangguan ini, yaitu, ketergantungan tunggal pada persepsi hutan.’ Ia memahami: ‘Bidang persepsi ini adalah kosong dari persepsi desa; bidang persepsi ini adalah kosong dari persepsi orang-orang. Hanya ada ketidak-kosongan ini, yaitu, ketergantungan tunggal pada persepsi hutan.’ Demikianlah ia menganggapnya sebagai kosong dari apa yang tidak ada di sana, tetapi sehubungan dengan apa yang ada di sana ia memahami apa yang ada di sana sebagai berikut: ‘Ini ada.’ Demikianlah, Ānanda, ini adalah masuknya ia ke dalam kekosongan, yang asli, tidak menyimpang, dan murni.",0.5192514061927795,
14,apa makna kekosongan,gte-multilingual-base,exp5.base,id,5,mn121,mn121:md10,anggara,"“Kemudian, Ānanda, seorang bhikkhu—dengan tidak memperhatikan persepsi landasan kesadaran tanpa batas, tidak memperhatikan persepsi landasan kekosongan—memperhatikan ketergantungan tunggal pada persepsi landasan bukan persepsi juga bukan bukan-persepsi. Pikirannya memasuki persepsi landasan bukan persepsi juga bukan bukan-persepsi itu dan memperoleh keyakinan, kekokohan, dan kesungguhan. Ia memahami: ‘Gangguan apapun juga yang bergantung pada persepsi landasan kesadaran tanpa batas, gangguan itu tidak ada di sini; Gangguan apapun juga yang bergantung pada persepsi landasan kekosongan, gangguan itu tidak ada di sini. Hanya ada gangguan ini, yaitu, ketergantungan tunggal pada persepsi landasan bukan persepsi juga bukan bukan-persepsi.’ Ia memahami: ‘Bidang persepsi ini adalah kosong dari persepsi landasan kesadaran tanpa batas; bidang persepsi ini adalah kosong dari persepsi landasan kekosongan. Hanya ada ketidak-kosongan ini, yaitu, ketergantungan tunggal pada persepsi landasan bukan persepsi juga bukan bukan-persepsi.’ Demikianlah ia menganggapnya sebagai kosong dari apa yang tidak ada di sana, tetapi sehubungan dengan apa yang ada di sana ia memahami apa yang ada di sana sebagai berikut: ‘Ini ada.’ Demikianlah, Ānanda, ini juga adalah masuknya ia ke dalam kekosongan, yang asli, tidak menyimpang, dan murni.",0.4993370771408081,
15,apa kualitas yang harus dimiliki oleh seorang penceramah,gte-multilingual-base,exp5.base,id,1,an5.231,an5.231:md2,anggara,"“Para bhikkhu, dengan memiliki lima kualitas, seorang bhikkhu tuan rumah harus dihargai. Apakah lima ini? (1) Ia sempurna dalam tata cara dan tugas-tugas; (2) ia terpelajar dan ahli dalam pembelajaran; (3) ia terbiasa dengan penghapusan dan senang dalam keterasingan; (4) ia adalah seorang pembabar yang baik dengan penyampaian yang baik; (5) ia bijaksana, cerdas, dan cerdik. Dengan memiliki kelima kualitas ini, seorang bhikkhu tuan rumah harus dihargai.",0.5513554811477661,
15,apa kualitas yang harus dimiliki oleh seorang penceramah,gte-multilingual-base,exp5.base,id,2,an5.233,an5.233:md1,anggara,"“Para bhikkhu, dengan memiliki lima kualitas, seorang bhikkhu tuan rumah memperindah sebuah vihara. Apakah lima ini? (1) Ia bermoral; ia berdiam dengan terkendali oleh Pātimokkha … ia berlatih di dalamnya. (2) Ia telah banyak belajar … dan ditembus dengan baik melalui pandangan. (3) Ia adalah seorang pembabar yang baik dengan penyampaian yang baik; ia memiliki ucapan yang dipoles, jernih, jelas, ekspresif dalam makna. (4) Ia mampu mengajari, mendorong, menginspirasi, dan menggembirakan mereka yang mendatanginya dengan khotbah Dhamma. (5) Ia memperoleh sesuai kehendaknya, tanpa kesulitan atau kesusahan, keempat jhāna yang merupakan pikiran yang lebih tinggi dan keberdiaman yang nyaman dalam kehidupan ini. Dengan memiliki kelima kualitas ini, seorang bhikkhu tuan rumah memperindah sebuah vihara.”",0.428081065416336,
15,apa kualitas yang harus dimiliki oleh seorang penceramah,gte-multilingual-base,exp5.base,id,3,an5.203,an5.203:md2,anggara,"“Demikian pula, dengan memiliki lima kualitas, seorang bhikkhu adalah layak menerima pemberian, layak menerima keramahan, layak menerima persembahan, layak menerima penghormatan, lahan jasa yang tiada taranya di dunia. Apakah lima ini? Kejujuran, kecepatan, kelembutan, kesabaran, dan kehalusan. Dengan memiliki kelima faktor ini, seorang bhikkhu adalah layak menerima pemberian, layak menerima keramahan, layak menerima persembahan, layak menerima penghormatan, lahan jasa yang tiada taranya di dunia.”",0.4238219261169433,
15,apa kualitas yang harus dimiliki oleh seorang penceramah,gte-multilingual-base,exp5.base,id,4,an8.52,an8.52:md3,anggara,"“Ānanda, seorang bhikkhu harus memiliki delapan kualitas agar dapat ditunjuk untuk menasihati para bhikkhunī. Apakah delapan ini?",0.4121586978435516,
15,apa kualitas yang harus dimiliki oleh seorang penceramah,gte-multilingual-base,exp5.base,id,5,an5.231,an5.231:md1,anggara,"“Para bhikkhu, dengan memiliki lima kualitas, seorang bhikkhu tuan rumah tidak perlu dihargai. Apakah lima ini? (1) Ia tidak sempurna dalam tata cara dan tugas-tugas; (2) ia tidak terpelajar dan bukan ahli dalam pembelajaran; (3) ia tidak terbiasa dengan penghapusan juga bukan seorang yang senang dalam keterasingan; (4) ia bukan pembabar yang baik dan ia tidak memiliki penyampaian yang baik; (5) ia tidak bijaksana, bodoh, dan tumpul. Dengan memiliki kelima kualitas ini, seorang bhikkhu tuan rumah tidak perlu dihargai.",0.3719260096549988,
16,harta yang paling bernilai,gte-multilingual-base,exp5.base,id,1,sn10.12,sn10.12:md14,anggara,Sang Bhagavā: “Keyakinan adalah harta terbaik seseorang; Dhamma yang dilatih dengan baik membawa kebahagiaan; Kebenaran adalah rasa yang paling manis; Bagaimanakah kehidupan seseorang yang mereka katakan sebagai kehidupan terbaik?,0.5658453106880188,
16,harta yang paling bernilai,gte-multilingual-base,exp5.base,id,2,sn1.73,sn1.73:md2,anggara,“Keyakinan adalah harta terbaik seseorang; Dhamma yang dipraktikkan dengan baik membawa kebahagiaan; Kebenaran adalah yang termanis dari segala rasa; Seseorang yang hidup dengan kebijaksanaan dikatakan sebagai kehidupan yang terbaik.”,0.5318537354469299,
16,harta yang paling bernilai,gte-multilingual-base,exp5.base,id,3,dn30,dn30:md45,anggara,"‘Denganmemiliki tanda-tanda ini,… Sebagai seorang raja Beliauakan menjadi kaya, memiliki banyak harta dan sumber daya, memiliki gudang harta yang penuh dengan emas dan perak, segala jenis benda, dan lumbungNya penuh dengan hasil panen. Sebagai seorang Buddha, Beliau akan menjadi kaya, dan hartaNya adalah: keyakinan, moralitas, rasa malubermoral, rasa takut bermoral, pembelajaran, pelepasankeduniawiandan kebijaksanaan.’ Ini adalah apa yang dinyatakan oleh Sang Bhagavā.",0.0752226784825325,
16,harta yang paling bernilai,gte-multilingual-base,exp5.base,id,4,an1.71-81,an1.71-81:md18,anggara,"“Tidak penting, para bhikkhu, peningkatan harta kekayaan. Hal yang paling baik untuk ditingkatkan adalah kebijaksanaan. Oleh karena itu, para bhikkhu, kalian harus berlatih sebagai berikut: ‘Kami akan meningkat dalam hal kebijaksanaan.’ Demikianlah kalian harus berlatih.”",0.0623922646045684,
16,harta yang paling bernilai,gte-multilingual-base,exp5.base,id,5,an7.5,an7.5:md1,anggara,"“Para bhikkhu, ada tujuh jenis kekayaan. Apakah tujuh ini? Kekayaan keyakinan, kekayaan perilaku bermoral, kekayaan rasa malu, kekayaan rasa takut, kekayaan pembelajaran, kekayaan kedermawanan, dan kekayaan kebijaksanaan. Ini adalah ketujuh kekayaan itu.”",0.0282781906425952,
17,kewajiban seorang umat awam,gte-multilingual-base,exp5.base,id,1,an8.25,an8.25:md5,anggara,"“Ketika, Mahānāma, seorang umat awam menghindari membunuh, menghindari mengambil apa yang tidak diberikan, menghindari hubungan seksual yang salah, menghindari berbohong, dan menghindari minuman keras, anggur, dan minuman memabukkan, yang menjadi landasan bagi kelengahan, dengan cara demikian seorang umat awam adalah bermoral.”",0.8811265230178833,
17,kewajiban seorang umat awam,gte-multilingual-base,exp5.base,id,2,an7.29,an7.29:md4,anggara,"Seorang umat awam yang tidak berhenti menemui [para bhikkhu] yang telah mengembangkan diri mereka, yang mendengarkan ajaran-ajaran para mulia, dan berlatih dalam moralitas yang lebih tinggi; yang keyakinannya terhadap para bhikkhu senantiasa meningkat; yang ingin mendengarkan Dhamma sejati dengan pikiran tidak untuk mengkritik; umat awam yang tidak mencari seorang yang layak menerima persembahan di antara pihak luar melainkan yang pertama-tama melakukan perbuatan berjasa di sini: ketujuh prinsip yang telah diajarkan dengan baik ini menggambarkan apa yang mengarah menuju ketidak-munduran. Seorang umat awam yang mendekati krtujuh prinsip ini tidak jatuh dari Dhamma sejati.",0.8737822771072388,
17,kewajiban seorang umat awam,gte-multilingual-base,exp5.base,id,3,an5.175,an5.175:md1,anggara,"“Para bhikkhu, dengan memiliki lima kualitas, seorang umat awam adalah seorang caṇḍāla umat awam, noda umat awam, yang terakhir di antara para umat awam. Apakah lima ini? (1) Ia hampa dari keyakinan; (2) ia tidak bermoral; (3) ia bersifat takhyul dan mempercayai tanda-tanda gaib, bukan mempercayai kamma; (4) ia mencari orang yang layak menerima persembahan di luar dari sini; dan (5) ia melakukan perbuatan-perbuatan [berjasa] di sana terlebih dulu. Dengan memiliki kelima kualitas ini, seorang umat awam adalah seorang caṇḍāla umat awam, noda umat awam, yang terakhir di antara para umat awam.",0.8557173013687134,
17,kewajiban seorang umat awam,gte-multilingual-base,exp5.base,id,4,an5.175,an5.175:md2,anggara,"“Para bhikkhu, dengan memiliki lima kualitas, seorang umat awam adalah permata umat awam, teratai merah umat awam, teratai putih umat awam. Apakah lima ini? (1) Ia memiliki keyakinan; (2) ia bermoral; (3) ia tidak bersifat takhyul dan mempercayai kamma, bukan tanda-tanda gaib; (4) ia tidak mencari orang yang layak menerima persembahan di luar dari sini; dan (5) ia melakukan perbuatan-perbuatan [berjasa] di sini terlebih dulu. Dengan memiliki kelima kualitas ini, seorang umat awam adalah permata seorang umat awam, seroja merah seorang umat awam, seroja putih seorang umat awam.”",0.8499448299407959,
17,kewajiban seorang umat awam,gte-multilingual-base,exp5.base,id,5,an7.29,an7.29:md3,anggara,"Seorang umat awam yang berhenti menemui [para bhikkhu] yang telah mengembangkan diri mereka, [yang berhenti] mendengarkan ajaran-ajaran para mulia, dan tidak berlatih dalam moralitas yang lebih tinggi; yang kecurigaannya terhadap para bhikkhu senantiasa meningkat; yang ingin mendengarkan Dhamma sejati dengan pikiran untuk mengkritik; umat awam yang mencari seorang yang layak menerima persembahan di antara pihak luar dan pertama-tama melakukan perbuatan berjasa kepada mereka: ketujuh prinsip yang telah diajarkan dengan baik ini menggambarkan apa yang mengarah menuju kemunduran. Seorang umat awam yang mendekati ketujuh prinsip ini jatuh dari Dhamma sejati.",0.8381607532501221,
18,penyebab gempa bumi,gte-multilingual-base,exp5.base,id,1,dn16,dn16:md97,anggara,"‘Ānanda, ada delapan alasan, delapan penyebab terjadinya gempa bumi dahsyat. Bumi ini terletak di atas air, air di atas angin, angin di atas ruang. Dan ketika angin kencang berhembus, hal ini akan mengaduk air, dan karena air teraduk, bumi bergetar. Ini adalah alasan pertama.",0.9833235144615172,
18,penyebab gempa bumi,gte-multilingual-base,exp5.base,id,2,an8.70,an8.70:md19,anggara,"(1) “Ānanda, bumi ini berdiri di atas air; air bersandar pada angin; angin bertiup di angkasa. Akan tiba waktunya, Ānanda, ketika angin kencang bertiup dan mengguncang air. Air itu, karena terguncang, juga mengguncang bumi ini. Ini adalah penyebab dan kondisi pertama bagi gempa bumi yang kuat.",0.8751994967460632,
18,penyebab gempa bumi,gte-multilingual-base,exp5.base,id,3,an8.70,an8.70:md20,anggara,"(2) “Kemudian, ada petapa atau brahmana yang memiliki kekuatan batin dan mencapai penguasaan pikiran, atau dewata yang sangat kuat dan perkasa. Ia telah mengembangkan persepsi tanah yang terbatas dan persepsi air yang tidak terbatas. Ia membuat bumi ini berguncang, bergoyang keras, dan bergetar. Ini adalah penyebab dan kondisi ke dua bagi gempa bumi yang kuat.",0.8700965046882629,
18,penyebab gempa bumi,gte-multilingual-base,exp5.base,id,4,an8.70,an8.70:md25,anggara,"(7) “Kemudian, ketika Sang Tathāgata, dengan penuh perhatian dan memahami dengan jernih, melepaskan kekuatan vitalNya, bumi ini berguncang, bergoyang keras, dan bergetar. Ini adalah penyebab dan kondisi ke tujuh bagi gempa bumi yang kuat.",0.8280818462371826,
18,penyebab gempa bumi,gte-multilingual-base,exp5.base,id,5,an8.70,an8.70:md22,anggara,"(4) “Kemudian, ketika Sang Bodhisatta, dengan penuh perhatian dan memahami dengan jernih, keluar dari rahim ibunya, bumi ini berguncang, bergoyang keras, dan bergetar. Ini adalah penyebab dan kondisi ke empat bagi gempa bumi yang kuat.",0.8249889612197876,
19,jenis jenis kemelekatan,gte-multilingual-base,exp5.base,id,1,sn38.12,sn38.12:md2,anggara,"“Ada, sahabat, empat jenis kemelekatan ini: kemelekatan pada kenikmatan indria, kemelekatan pada pandangan-pandangan, kemelekatan pada aturan dan sumpah, kemelekatan pada doktrin diri. Ini adalah keempat jenis kemelekatan itu.",0.9992948770523072,
19,jenis jenis kemelekatan,gte-multilingual-base,exp5.base,id,2,sn12.2,sn12.2:md7,anggara,"“Dan apakah, para bhikkhu, kemelekatan? Ada empat jenis kemelekatan: kemelekatan pada kenikmatan indria, kemelekatan pada pandangan-pandangan, kemelekatan pada aturan dan sumpah, kemelekatan pada doktrin diri. Ini disebut kemelekatan.",0.9990191459655762,
19,jenis jenis kemelekatan,gte-multilingual-base,exp5.base,id,3,mn11,mn11:md9,anggara,"“Para bhikkhu, terdapat empat jenis kemelekatan. Apakah empat ini? Kemelekatan pada segala jenis kenikmatan, kemelekatan pada pandangan, kemelekatan pada ritual dan upacara, dan kemelekatan pada doktrin diri.",0.99881774187088,
19,jenis jenis kemelekatan,gte-multilingual-base,exp5.base,id,4,mn9,mn9:md44,anggara,"“Dan apakah kemelekatan, apakah asal-mula kemelekatan, apakah lenyapnya kemelekatan, apakah jalan menuju lenyapnya kemelekatan? Terdapat empat jenis kemelekatan ini: kemelekatan pada kenikmatan indria, kemelekatan pada pandangan-pandangan, kemelekatan pada ritual dan upacara, dan kemelekatan pada doktrin diri. Dengan munculnya ketagihan maka muncul pula kemelekatan. Dengan lenyapnya ketagihan maka lenyap pula kemelekatan. Jalan menuju lenyapnya kemelekatan adalah Jalan Mulia Berunsur Delapan ini; yaitu, pandangan benar … konsentrasi benar.",0.998399555683136,
19,jenis jenis kemelekatan,gte-multilingual-base,exp5.base,id,5,mn11,mn11:md16,anggara,"“Sekarang empat jenis kemelekatan ini memiliki apakah sebagai sumbernya, apakah sebagai asal-mulanya, dari apakah ditimbulkan dan dihasilkan? Empat jenis kemelekatan ini memiliki ketagihan sebagai sumbernya, ketagihan sebagai asal-mulanya, ditimbulkan dan dihasilkan dari ketagihan. Ketagihan memiliki apakah sebagai sumbernya …? Ketagihan memiliki perasaan sebagai sumbernya … Perasaan memiliki apakah sebagai sumbernya …? Perasaan memiliki kontak sebagai sumbernya … Kontak memiliki apakah sebagai sumbernya …? Kontak memiliki enam landasan sebagai sumbernya … Enam landasan memiliki apakah sebagai sumbernya …? Enam landasan memiliki batin-jasmani sebagai sumbernya … Batin-jasmani memiliki apakah sebagai sumbernya …? Batin-jasmani memiliki kesadaran sebagai sumbernya … Kesadaran memiliki apakah sebagai sumbernya …? Kesadaran memiliki bentukan-bentukan sebagai sumbernya … Bentukan-bentukan memiliki apakah sebagai sumbernya …? Bentukan-bentukan memiliki ketidak-tahuan sebagai sumbernya, ketidak-tahuan sebagai asal-mulanya, timbul dan dihasilkan dari ketidak-tahuan.",0.9551015496253968,
20,penggambaran terhadap keagungan buddha,gte-multilingual-base,exp5.base,id,1,dn2,dn2:md56,anggara,"‘Baginda, seorang Tathāgata telah muncul di dunia ini, seorang Arahant, Buddha yang telah mencapai penerangan sempurna, memiliki kebijaksanaan dan perilaku yang sempurna, sempurna menempuh Sang Jalan, Pengenal seluruh alam, Penjinak manusia yang harus dijinakkan yang tiada bandingnya, Guru para dewa dan manusia, Yang Tercerahkan dan Yang Suci. Beliau, setelah mencapainya dengan pengetahuanNya sendiri, menyatakan dunia ini dengan para dewa, māra dan para Brahma, para raja dan manusia. Beliau membabarkan Dhamma, yang indah di awal, indah di pertengahan, indah di akhir, dalam makna dan kata, dan menunjukkan kehidupan suci yang murni dan sempurna.",0.0618158541619777,
20,penggambaran terhadap keagungan buddha,gte-multilingual-base,exp5.base,id,2,dn16,dn16,blurb,"Khotbah terpanjang dari semua khotbah, narasi yang diperluas ini menceritakan tentang peristiwa seputar wafatnya Buddha. Penuh dengan perincian yang hidup dan mengharukan, teks ini adalah titik masuk yang ideal untuk mengenal pribadi Buddha, dan memahami bagaimana umat Buddha menghadapi kepergian-Nya.",0.0417072214186191,
20,penggambaran terhadap keagungan buddha,gte-multilingual-base,exp5.base,id,3,dn17,dn17,blurb,Sebuah kisah terperinci tentang kehidupan lampau Sang Buddha sebagai raja legendaris yang meninggalkan segalanya untuk berlatih meditasi.,0.0390613190829753,
20,penggambaran terhadap keagungan buddha,gte-multilingual-base,exp5.base,id,4,dn14,dn14:md125,anggara,"‘Demikian pula beberapa ribu dewa datang … (merujuk pada cerita yang serupa atas Buddha Sikhī dan para Buddha lainnya seperti paragraf 1.12). Mereka berkata: “Tuan, dalam kappa yang menguntungkan ini Sang Buddha telah muncul di dunia. Beliau terlahir dari kasta Khattiya …; Beliau bermarga Gotama; pada masaNya, umur kehidupan manusia sangat singkat, terbatas dan cepat berlalu; jarang ada yang hidup hingga umur seratus tahun. Beliau mencapai penerangan sempurna di bawah pohon assattha; Beliau memiliki sepasang siswa utama, Sāriputta dan Moggallāna; Beliau memiliki sekelompok siswa berjumlah seribu dua ratus lima puluh bhikkhu yang semuanya adalah Arahant; pelayan pribadiNya adalah Ānanda; ayahNya adalah Raja Suddhodana, ibuNya adalah Ratu Māyā, dan ibu kota kerajaannya adalah Kapilavatthu. Pelepasan keduniawianNya adalah seperti ini, pertapaanNya adalah seperti ini, usahaNya adalah seperti ini, penerangan sempurnaNya adalah seperti ini; pemutaran rodaNya adalah seperti ini. Dan kami, Tuan, yang menjalani kehidupan suci di bawah Bhagavā, setelah membebaskan diri dari kenikmatan-indria, muncul di sini.”",0.0363321863114833,
20,penggambaran terhadap keagungan buddha,gte-multilingual-base,exp5.base,id,5,dn2,dn2,blurb,"Raja Ajātasattu yang baru dinobatkan merasa terganggu oleh cara-cara kekerasan yang dia gunakan untuk meraih takhta. Dia mengunjungi Sang Buddha untuk menemukan ketenangan batin, dan bertanya tentang manfaat dari latihan spiritual. Khotbah ini merupakan salah satu karya sastra dan spiritual teragung dari Buddhisme awal.",0.035724826157093,
21,jenis jenis manusia,gte-multilingual-base,exp5.base,id,1,pli-tv-bu-vb-pj1,pli-tv-bu-vb-pj1:md210,anggara,"Ada tiga jenis perempuan: perempuan manusia, makhluk halus perempuan, binatang betina. Ada tiga jenis hermafrodit: hermafrodit manusia, makhluk halus hermafrodit, binatang hermafrodit. Ada tiga jenis paṇḍaka : paṇḍaka manusia, makhluk halus paṇḍaka , binatang paṇḍaka . Ada tiga jenis laki-laki: laki-laki manusia, makhluk halus laki-laki, binatang jantan.",0.9931564927101136,
21,jenis jenis manusia,gte-multilingual-base,exp5.base,id,2,an4.43,an4.43:md1,anggara,"“Para bhikkhu, ada empat jenis orang terdapat di dunia ini. Apakah empat ini? (1) Seorang yang menghargai kemarahan, bukan Dhamma sejati; (2) seorang yang menghargai sikap merendahkan, bukan Dhamma sejati; (3) seorang yang menghargai perolehan, bukan Dhamma sejati; dan (4) seorang yang menghargai kehormatan, bukan Dhamma sejati. Ini adalah keempat jenis orang itu yang terdapat di dunia ini.",0.8390823006629944,
21,jenis jenis manusia,gte-multilingual-base,exp5.base,id,3,an4.43,an4.43:md2,anggara,"“Ada, para bhikkhu, empat jenis orang [lainnya] terdapat di dunia ini. Apakah empat ini? (1) Seorang yang menghargai Dhamma sejati, bukan kemarahan; (2) seorang yang menghargai Dhamma sejati, bukan sikap merendahkan; (3) seorang yang menghargai Dhamma sejati, bukan perolehan; (4) seorang yang menghargai Dhamma sejati, bukan kehormatan. Ini adalah keempat jenis orang [lainnya] yang terdapat di dunia ini.”",0.8249796032905579,
21,jenis jenis manusia,gte-multilingual-base,exp5.base,id,4,mn70,mn70:md23,anggara,"“Para bhikkhu, terdapat tujuh jenis orang di dunia ini. Apakah tujuh ini? Mereka adalah: seorang yang-terbebaskan-dalam-kedua-cara, seorang yang-terbebaskan-melalui-kebijaksanaan, seorang saksi-tubuh, seorang yang-mencapai-pandangan, seorang yang-terbebaskan-melalui-keyakinan, seorang pengikut-Dhamma, dan seorang pengikut-keyakinan.",0.8154260516166687,
21,jenis jenis manusia,gte-multilingual-base,exp5.base,id,5,an4.65,an4.65:md1,anggara,"“Para bhikkhu, ada empat jenis orang ini terdapat di dunia. Apakah empat ini? (1) Seorang yang menilai dengan berdasarkan pada bentuk, yang keyakinannya berdasarkan pada bentuk. (2) Seorang yang menilai berdasarkan pada ucapan, yang keyakinannya berdasarkan pada ucapan. (3) Seorang yang menilai berdasarkan pada latihan keras, yang keyakinannya berdasarkan pada latihan keras. (4) Seorang yang menilai berdasarkan pada Dhamma, yang keyakinannya berdasarkan pada Dhamma. Ini adalah keempat jenis orang itu yang terdapat di dunia.”",0.779441773891449,
22,cara mengikis kotoran batin,gte-multilingual-base,exp5.base,id,1,dn23,dn23:md13,anggara,"‘Pangeran, aku akan memberikan satu perumpamaan, karena beberapa orang bijaksana akan memahami apa yang disampaikan melalui perumpamaan. Seandainya ada seseorang yang terjatuh ke dalam lubang kotoran dengan kepala jatuh terlebih dulu, dan engkau mengatakan kepada para pelayanmu: “Angkat orang itu keluar dari lubang itu!” dan mereka menjawab: “Baiklah”, dan melakukan hal itu. Kemudian engkau akan mengatakan kepada mereka agar membersihkan badan orang itu dari kotoran dengan pengerik dari bambu, dan kemudian membersihkan pencuci rambut tiga kali dengan pasir kuning. Kemudian engkau mengatakan kepada mereka untuk mengoleskan minyak ke badan orang itu dan kemudian memandikannya tiga kali dengan bubuk sabun yang baik. Kemudian engkau mengatakan kepada mereka untuk mencukur rambut dan janggutnya, dan menghiasnya dengan karangan bunga harum, salep dan pakaian. Akhirnya engkau mengatakan kepada mereka untuk membawanya ke istanamu dan membiarkan ia menikmati kenikmatan lima indria, dan mereka melakukan semua hal itu. Bagaimana menurutmu, Pangeran? Apakah orang itu, setelah mandi bersih, dengan rambut dan janggut tercukur rapi, dhias dengan karangan bunga, berpakaian putih, dan dibawa ke istana, menikmati dan bergembira dalam kenikmatan lima indria, ingin pergi ke lubang kotoran itu lagi?’ ‘Tidak, Yang Mulia Kassapa.’ ‘Mengapa tidak?’ ‘Karena lubang kotoran itu kotor dan dianggap demikian, bau, mengerikan, menjijikkan, dan biasanya dianggap demikian.’",0.1665354073047638,
22,cara mengikis kotoran batin,gte-multilingual-base,exp5.base,id,2,mn7,mn7,blurb,"Berbagai jenis ketidakmurnian yang mengotori batin diumpamakan seperti kain kotor. Ketika batin bersih, kita menemukan kegembiraan (<i lang='pi' translate='no'>pāmojja</i>) yang mengarah ke keadaan kesadaran yang lebih tinggi. Akhirnya, Sang Buddha menolak gagasan Brahmanis bahwa kesucian berasal dari aktivitas mandi di sungai suci.",0.1238646581768989,
22,cara mengikis kotoran batin,gte-multilingual-base,exp5.base,id,3,an5.23,an5.23:md2,anggara,"“Demikian pula, para bhikkhu, ada lima kotoran pikiran ini, yang dengan dikotori olehnya maka pikiran menjadi tidak lunak, tidak lentur, dan tidak bersinar, melainkan rapuh dan tidak terkonsentrasi dengan baik demi hancurnya noda-noda. Apakah lima ini? Keinginan indria, niat buruk, ketumpulan dan kantuk, kegelisahan dan penyesalan, dan keragu-raguan. Ini adalah lima kotoran pikiran, yang dengan dikotori olehnya maka pikiran menjadi tidak lunak, tidak lentur, dan tidak bersinar, melainkan rapuh dan tidak terkonsentrasi dengan baik demi hancurnya noda-noda. Tetapi ketika pikiran terbebas dari kelima kotoran ini, maka pikiran menjadi lunak, lentur, dan bersinar, dapat dibentuk, dan terkonsentrasi baik demi hancurnya noda-noda. Kemudian, jika ada landasan yang sesuai, maka seseorang mampu merealisasikan kondisi apa pun yang dapat direalisasikan melalui pengetahuan langsung ke arah mana ia mengarahkan pikirannya.",0.0995654016733169,
22,cara mengikis kotoran batin,gte-multilingual-base,exp5.base,id,4,an6.29,an6.29:md10,anggara,"(3) “Kemudian, Bhante, seorang bhikkhu memeriksa jasmani ini ke atas dari telapak kaki, ke bawah dari ujung rambut, terbungkus oleh kulit, penuh dengan kotoran: ‘Ada dalam tubuh ini rambut kepala, bulu badan, kuku, gigi, kulit, daging, urat, tulang, sumsum, ginjal, jantung, hati, selaput dada, limpa, paru-paru, usus, selaput pengikat organ dalam tubuh, lambung, kotoran, empedu, dahak, nanah, darah, keringat, lemak, air mata, minyak, ludah, ingus, cairan sendi, air kencing.’ Subjek pengingatan ini, jika dikembangkan dan dilatih dengan cara ini, akan mengarah menuju ditinggalkannya nafsu indriawi.",0.0648200884461402,
22,cara mengikis kotoran batin,gte-multilingual-base,exp5.base,id,5,sn22.89,sn22.89:md19,anggara,"“Misalkan, sahabat-sahabat, sehelai kain yang kotor dan ternoda, dan pemiliknya menyerahkannya kepada seorang tukang cuci. Tukang cuci itu menggosoknya dengan menyeluruh dengan garam, cairan, atau kotoran sapi pembersih, dan membilasnya dengan air. Walaupun kain itu menjadi bersih, namun masih tertinggal sisa-sisa aroma garam, cairan, atau kotoran sapi pembersih yang belum lenyap. Tukang cuci itu kemudian mengembalikan kain itu kepada pemiliknya. Sang pemilik akan menyimpannya di dalam peti beraroma harum, dan sisa-sisa aroma garam, cairan, atau kotoran sapi pembersih yang belum lenyap akan menjadi lenyap.",0.0634248778223991,
23,penjelasan tentang pandangan terang,gte-multilingual-base,exp5.base,id,1,an4.94,an4.94:md2,anggara,"(1) “Para bhikkhu, seseorang di antara mereka yang memperoleh ketenangan pikiran internal tetapi tidak memperoleh kebijaksanaan pandangan terang yang lebih tinggi ke dalam fenomena-fenomena harus mendatangi seorang yang memperoleh kebijaksanaan pandangan terang yang lebih tinggi ke dalam fenomena-fenomena dan bertanya kepadanya: ‘Bagaimanakah, teman, fenomena-fenomena terkondisi itu harus dilihat? Bagaimanakah fenomena-fenomena terkondisi itu diperiksa? Bagaimanakah fenomena-fenomena terkondisi itu dipahami melalui pandangan terang?’ Kemudian orang itu akan menjawabnya sesuai dengan apa yang ia lihat dan pahami sehubungan dengan hal tersebut sebagai berikut: ‘Fenomena-fenomena terkondisi harus dilihat dengan cara demikian, diperiksa dengan cara demikian, dipahami melalui pandangan terang dengan cara demikian.’ Maka, beberapa lama kemudian, ia memperoleh ketenangan pikiran internal serta memperoleh kebijaksanaan pandangan terang yang lebih tinggi ke dalam fenomena-fenomena.",0.8373079895973206,
23,penjelasan tentang pandangan terang,gte-multilingual-base,exp5.base,id,2,an4.94,an4.94:md4,anggara,"(3) “Seorang yang tidak memperoleh ketenangan pikiran internal juga tidak memperoleh kebijaksanaan pandangan terang yang lebih tinggi ke dalam fenomena-fenomena harus mendatangi seorang yang memperoleh keduanya dan bertanya kepadanya: ‘‘Bagaimanakah, teman, pikiran dikokohkan? Bagaimanakah pikiran ditenangkan? Bagaimanakah pikiran dipersatukan? Bagaimanakah pikiran dikonsentrasikan? Bagaimanakah fenomena-fenomena terkondisi itu harus dilihat? Bagaimanakah fenomena-fenomena terkondisi itu diperiksa? Bagaimanakah fenomena-fenomena terkondisi itu dipahami melalui pandangan terang?’ Kemudian orang itu akan menjawabnya sesuai dengan apa yang ia lihat dan pahami sehubungan dengan hal tersebut sebagai berikut: ‘Pikiran harus dikokohkan dengan cara demikian, ditenangkan dengan cara demikian, dipersatukan dengan cara demikian, dikonsentrasikan dengan cara demikian. Fenomena-fenomena terkondisi harus dilihat dengan cara demikian, diperiksa dengan cara demikian, dipahami melalui pandangan terang dengan cara demikian.’ Maka, beberapa lama kemudian, ia memperoleh ketenangan pikiran internal serta memperoleh kebijaksanaan pandangan terang yang lebih tinggi ke dalam fenomena-fenomena.",0.7773029804229736,
23,penjelasan tentang pandangan terang,gte-multilingual-base,exp5.base,id,3,an4.94,an4.94:md3,anggara,"(2) “Seorang yang memperoleh kebijaksanaan pandangan terang yang lebih tinggi ke dalam fenomena-fenomena tetapi tidak memperoleh ketenangan pikiran internal harus mendatangi seorang yang memperoleh ketenangan pikiran internal dan bertanya kepadanya: ‘Bagaimanakah, teman, pikiran dikokohkan? Bagaimanakah pikiran ditenangkan? Bagaimanakah pikiran dipersatukan? Bagaimanakah pikiran dikonsentrasikan?’ Kemudian orang itu akan menjawabnya sesuai dengan apa yang ia lihat dan pahami sehubungan dengan hal tersebut sebagai berikut: ‘Pikiran harus dikokohkan dengan cara demikian, ditenangkan dengan cara demikian, dipersatukan dengan cara demikian, dikonsentrasikan dengan cara demikian.’ Maka, beberapa lama kemudian, ia memperoleh kebijaksanaan pandangan terang yang lebih tinggi ke dalam fenomena-fenomena serta memperoleh ketenangan pikiran internal.",0.6702861189842224,
23,penjelasan tentang pandangan terang,gte-multilingual-base,exp5.base,id,4,dn33,dn33:md35,anggara,‘Ketenangan dan pandangan terang ( samatho ca vipassanā ca ).,0.6675416231155396,
23,penjelasan tentang pandangan terang,gte-multilingual-base,exp5.base,id,5,pli-tv-bu-vb-pj4,pli-tv-bu-vb-pj4:md46,anggara,Ketiga pandangan terang sejati.,0.1826068758964538,
24,apa yang terjadi pada saat pencapaian pencerahan,gte-multilingual-base,exp5.base,id,1,an5.196,an5.196:md7,anggara,"(1) “Sekarang, para bhikkhu, ketika Sang Tathāgata, Sang Arahant, Yang Tercerahkan Sempurna—sebelum pencerahanNya, sewaktu Beliau masih menjadi hanya seorang Bodhisatta, belum tercerahkan sempurna - [bermimpi] bahwa bumi besar ini menjadi ranjangnya dan Himālaya, raja pegunungan, menjadi bantalNya; tangan kiriNya berada di atas lautan timur, tangan kananNya di lautan barat, dan kedua kakiNya di lautan selatan, [ini adalah sebuah pertanda] bahwa Beliau akan tercerahkan hingga pencerahan sempurna yang tertinggi. Mimpi agung pertama ini muncul padaNya [sebagai suatu pertanda] bahwa pencerahanNya [segera terjadi].",0.4829336702823639,
24,apa yang terjadi pada saat pencapaian pencerahan,gte-multilingual-base,exp5.base,id,2,sn48.68,sn48.68:md2,anggara,"“Dan apakah, para bhikkhu, kondisi-kondisi yang menghasilkan pencerahan? Indria keyakinan … indria kebijaksanaan … yaitu, untuk mencapai pencerahan.”",0.2044153660535812,
24,apa yang terjadi pada saat pencapaian pencerahan,gte-multilingual-base,exp5.base,id,3,sn46.131-142,sn46.131-142:md5,anggara,"Dijelaskan melalui faktor-faktor pencerahan dengan lenyapnya nafsu, dan seterusnya sebagai tujuan akhirnya.",0.1504611223936081,
24,apa yang terjadi pada saat pencapaian pencerahan,gte-multilingual-base,exp5.base,id,4,sn46.143-152,sn46.143-152:md1,anggara,"Dijelaskan melalui faktor-faktor pencerahan dengan lenyapnya nafsu, dan seterusnya sebagai tujuan akhirnya.",0.1504611223936081,
24,apa yang terjadi pada saat pencapaian pencerahan,gte-multilingual-base,exp5.base,id,5,sn46.153-164,sn46.153-164:md1,anggara,"Dijelaskan melalui faktor-faktor pencerahan dengan lenyapnya nafsu, dan seterusnya sebagai tujuan akhirnya.",0.1504611223936081,
25,perasaan malu dan takut,gte-multilingual-base,exp5.base,id,1,an10.76,an10.76:md21,anggara,"(10) “Para bhikkhu, seorang yang memiliki rasa malu dan rasa takut adalah seorang yang waspada. Seorang yang waspada mampu meninggalkan sikap tidak hormat, sulit diajak bicara, dan pertemanan yang buruk. Seorang yang memiliki teman-teman yang baik mampu meninggalkan kurangnya keyakinan, ketidak-dermawanan, dan kemalasan. Seorang yang bersemangat mampu meninggalkan kegelisahan, tanpa-pengendalian, dan ketidak-bermoralan. Seorang yang bermoral mampu meninggalkan kurangnya keinginan untuk menemui para mulia, kurangnya keinginan untuk mendengarkan Dhamma mulia, dan pikiran yang condong pada kritikan. Seorang yang pikirannya tidak condong pada kritikan mampu meninggalkan kekacauan-pikiran, kurangnya pemahaman jernih, dan gangguan pikiran. Seorang yang pikirannya tidak terganggu mampu meninggalkan pengamatan tidak seksama, mengikuti jalan yang salah, dan kelambanan pikiran. Seorang yang pikirannya tidak lamban mampu meninggalkan pandangan eksistensi-diri, keragu-raguan, dan genggaman keliru pada perilaku dan upacara. Seorang yang tidak ragu-ragu mampu meninggalkan nafsu, kebencian, dan delusi. Setelah meninggalkan nafsu, kebencian, dan delusi, maka ia mampu meninggalkan kelahiran, penuaan, dan kematian.”",0.9455822110176086,
25,perasaan malu dan takut,gte-multilingual-base,exp5.base,id,2,dn33,dn33:md17,anggara,‘Rasa malu bermoral dan rasa takut bermoral ( hiri ca ottappañ ca ).,0.8765818476676941,
25,perasaan malu dan takut,gte-multilingual-base,exp5.base,id,3,an4.229,an4.229:md2,anggara,"“… Ia memiliki keyakinan, bermoral, dan memiliki rasa malu dan rasa takut …”",0.8122206330299377,
25,perasaan malu dan takut,gte-multilingual-base,exp5.base,id,4,an4.219,an4.219:md2,anggara,"“… Seorang yang memiliki keyakinan, bermoral, dan memiliki rasa malu dan rasa takut …”",0.784540057182312,
25,perasaan malu dan takut,gte-multilingual-base,exp5.base,id,5,an7.4,an7.4:md4,anggara,"(3) “Dan apakah kekuatan rasa malu? Di sini, seorang siswa mulia memiliki rasa malu; ia malu terhadap perbuatan buruk melalui jasmani, ucapan, dan pikiran; ia malu dalam memperoleh kualitas-kualitas tidak bermanfaat yang buruk. Ini disebut kekuatan rasa malu.",0.2026063501834869,
26,bersatu di kehidupan selanjutnya,gte-multilingual-base,exp5.base,id,1,pv17,pv17,blurb,Apa yang harus dilakukan seseorang untuk mengamankan kebahagiaan di kehidupan selanjutnya?,0.6503003835678101,
26,bersatu di kehidupan selanjutnya,gte-multilingual-base,exp5.base,id,2,an4.55,an4.55:md4,anggara,"“Perumah-tangga, jika baik istri maupun suami ingin dapat saling bertemu satu sama lain bukan hanya dalam kehidupan ini tetapi juga dalam kehidupan mendatang, maka mereka harus memiliki keyakinan yang sama, perilaku bermoral yang sama, kedermawanan yang sama, dan kebijaksanaan yang sama. Maka mereka akan dapat senantiasa saling bertemu satu sama lain bukan hanya dalam kehidupan ini tetapi juga dalam kehidupan mendatang.”",0.6020669937133789,
26,bersatu di kehidupan selanjutnya,gte-multilingual-base,exp5.base,id,3,an4.56,an4.56:md1,anggara,"“Para bhikkhu, jika baik suami maupun istri ingin dapat saling melihat satu sama lain bukan hanya dalam kehidupan ini tetapi juga dalam kehidupan mendatang, maka mereka harus memiliki keyakinan yang sama, perilaku bermoral yang sama, kedermawanan yang sama, dan kebijaksanaan yang sama. Maka mereka akan dapat senantiasa saling bertemu satu sama lain bukan hanya dalam kehidupan ini tetapi juga dalam kehidupan mendatang.”",0.4948675036430359,
26,bersatu di kehidupan selanjutnya,gte-multilingual-base,exp5.base,id,4,pli-tv-bu-vb-ss5,pli-tv-bu-vb-ss5:md102,anggara,"setelah memberikan harta, mereka hidup bersama.",0.3689226508140564,
26,bersatu di kehidupan selanjutnya,gte-multilingual-base,exp5.base,id,5,pli-tv-bu-vb-ss5,pli-tv-bu-vb-ss5:md108,anggara,"setelah melepaskan alas kepala, mereka hidup bersama.",0.3059602677822113,
27,jenis jenis karma buruk,gte-multilingual-base,exp5.base,id,1,dn33,dn33:md82,anggara,"‘Tiga jenis bentukan kamma: baik, tidak baik, tidak terganggu ( puññābhisaṅkhāro, apuññābhisaṅkhāro, āneñjābhisaṅkhāro ).",0.9588986039161682,
27,jenis jenis karma buruk,gte-multilingual-base,exp5.base,id,2,an3.100,an3.100:md23,anggara,"“Orang jenis apakah yang melakukan kamma buruk yang sepele yang persis sama namun hal itu dialami dalam kehidupan ini, bahkan tanpa sedikit [sisa] yang terlihat, apalagi banyak [sisa]? Di sini, seseorang terkembang dalam jasmani, perilaku bermoral, pikiran, dan kebijaksanaan. Ia tidak terbatas dan berkarakter mulia, dan ia berdiam tanpa batas. Ketika orang demikian melakukan kamma buruk yang sepele yang persis sama, maka hal itu dialami dalam kehidupan ini, bahkan tanpa sedikit [sisa] yang terlihat, apalagi banyak [sisa].",0.9123382568359376,
27,jenis jenis karma buruk,gte-multilingual-base,exp5.base,id,3,an3.100,an3.100:md4,anggara,"“Orang jenis apakah yang melakukan kamma buruk yang sepele yang persis sama namun hal itu dialami dalam kehidupan ini, bahkan tanpa sedikit [sisa] yang terlihat, apalagi banyak [sisa]? Di sini, seseorang terkembang dalam jasmani, perilaku bermoral, pikiran, dan kebijaksanaan. Ia tidak terbatas dan berkarakter mulia, dan ia berdiam tanpa batas. Ketika orang demikian melakukan kamma buruk yang sepele yang persis sama, maka hal itu dialami dalam kehidupan ini, bahkan tanpa sedikit [sisa] yang terlihat, apalagi banyak [sisa].",0.9123382568359376,
27,jenis jenis karma buruk,gte-multilingual-base,exp5.base,id,4,an3.100,an3.100:md11,anggara,"“Orang jenis apakah yang melakukan kamma buruk yang sepele yang persis sama namun hal itu dialami dalam kehidupan ini, bahkan tanpa sedikit [sisa] yang terlihat, apalagi banyak [sisa]? Di sini, seseorang terkembang dalam jasmani, perilaku bermoral, pikiran, dan kebijaksanaan. Ketika orang demikian melakukan kamma buruk yang sepele yang persis sama, maka hal itu dialami dalam kehidupan ini, bahkan tanpa sedikit [sisa] yang terlihat, apalagi banyak [sisa].",0.8906471133232117,
27,jenis jenis karma buruk,gte-multilingual-base,exp5.base,id,5,an3.100,an3.100:md17,anggara,"“Orang jenis apakah yang melakukan kamma buruk yang sepele yang persis sama namun hal itu dialami dalam kehidupan ini, bahkan tanpa sedikit [sisa] yang terlihat, apalagi banyak [sisa]? Di sini, seseorang terkembang dalam jasmani, perilaku bermoral, pikiran, dan kebijaksanaan. Ketika orang demikian melakukan kamma buruk yang sepele yang persis sama, maka hal itu dialami dalam kehidupan ini, bahkan tanpa sedikit [sisa] yang terlihat, apalagi banyak [sisa].",0.8906471133232117,
28,berbagai jenis perbuatan baik,gte-multilingual-base,exp5.base,id,1,an9.5,an9.5:md5,anggara,"(4) “Dan apakah kekuatan memelihara hubungan baik? Ada empat cara ini untuk memelihara hubungan baik: memberi, ucapan kasih sayang, perbuatan baik, dan tidak membeda-bedakan. Di antara pemberian-pemberian, yang terbaik adalah pemberian Dhamma. Di antara jenis-jenis ucapan kasih sayang, yang terbaik adalah berulang-ulang mengajarkan Dhamma kepada seseorang yang tertarik dan mendengarkannya dengan menyimak. Di antara jenis-jenis perbuatan baik, yang terbaik adalah ketika seseorang mendorong, mengokohkan, dan menegakkan seorang yang tanpa keyakinan dalam kesempurnaan keyakinan, seorang yang tidak bermoral dalam kesempurnaan perilaku bermoral, seorang yang kikir dalam kesempurnaan kedermawanan, dan seorang yang tidak bijaksana dalam kesempurnaan kebijaksanaan. Di antara jenis-jenis tidak membeda-bedakan, yang terbaik adalah bahwa seorang pemasuk-arus setara dengan seorang pemasuk-arus, seorang yang-kembali-sekali setara dengan seorang yang-kembali-sekali, seorang yang-tidak-kembali setara dengan seorang yang-tidak-kembali, dan seorang Arahant setara dengan seorang Arahant. Ini disebut kekuatan mempertahankan hubungan baik.",0.9733008146286012,
28,berbagai jenis perbuatan baik,gte-multilingual-base,exp5.base,id,2,an4.221,an4.221:md2,anggara,"“Para bhikkhu, ada empat jenis perbuatan baik melalui ucapan. Apakah empat ini? Mengucapkan yang sebenarnya, mengucapkan kata-kata yang tidak memecah-belah, berbicara lembut, dan berbicara secara bijaksana. Ini adalah keempat jenis perbuatan baik melalui ucapan itu.”",0.9696906805038452,
28,berbagai jenis perbuatan baik,gte-multilingual-base,exp5.base,id,3,sn46.6,sn46.6:md15,anggara,"“Dan bagaimanakah, Kuṇḍaliya, ketiga jenis perbuatan baik ini dikembangkan dan dilatih sehingga memenuhi empat penegakan perhatian? Di sini, Kuṇḍaliya, setelah meninggalkan perbuatan salah melalui jasmani, seorang bhikkhu mengembangkan perbuatan baik melalui jasmani; setelah meninggalkan perbuatan salah melalui ucapan, seorang bhikkhu mengembangkan perbuatan baik melalui ucapan; setelah meninggalkan perbuatan salah melalui pikiran, seorang bhikkhu mengembangkan perbuatan baik melalui pikiran. Dengan cara inilah ketiga jenis perbuatan baik dikembangkan dan dilatih sehingga memenuhi empat penegakan perhatian.",0.9440598487854004,
28,berbagai jenis perbuatan baik,gte-multilingual-base,exp5.base,id,4,an4.149,an4.149:md1,anggara,"“Para bhikkhu, ada empat jenis perilaku baik melalui ucapan ini. Apakah empat ini? Ucapan jujur, ucapan tidak memecah belah, ucapan halus, dan ucapan bijaksana. Ini adalah keempat jenis perilaku baik melalui ucapan.”",0.9320676326751708,
28,berbagai jenis perbuatan baik,gte-multilingual-base,exp5.base,id,5,mn117,mn117:md28,anggara,"“Dan apakah, para bhikkhu, perbuatan benar? Perbuatan benar, Aku katakan, ada dua jenis: ada perbuatan benar yang terpengaruh oleh noda-noda, berhubungan dengan kebajikan, dan matang dalam perolehan; dan ada perbuatan benar yang mulia, tanpa noda, melampaui keduniawian, sebuah faktor dari sang jalan.",0.6272486448287964,
29,jenis orang yang tak boleh ditahbiskan,gte-multilingual-base,exp5.base,id,1,an3.27,an3.27:md1,anggara,"“Para bhikkhu, ada tiga jenis orang ini yang terdapat di dunia ini. Apakah tiga ini? (1) Ada orang yang harus dilihat dengan kejijikan, tidak boleh dijadikan teman, tidak boleh diikuti, dan tidak boleh dilayani; (2) seorang yang harus dilihat dengan keseimbangan, tidak boleh dijadikan teman, tidak boleh diikuti, dan tidak boleh dilayani; dan (3) seorang yang harus dijadikan teman, harus diikuti, dan harus dilayani.",0.4415558874607086,
29,jenis orang yang tak boleh ditahbiskan,gte-multilingual-base,exp5.base,id,2,an3.27,an3.27:md2,anggara,"(1) “Dan orang jenis apakah, para bhikkhu, yang harus dilihat dengan kejijikan, tidak boleh dijadikan teman, tidak boleh diikuti, dan tidak boleh dilayani? Di sini, seseorang tidak bermoral, berkarakter buruk, tidak murni, mencurigakan, merahasiakan perbuatannya, bukan seorang petapa walaupun mengaku sebagai petapa, tidak hidup selibat walaupun mengaku hidup selibat, busuk dalam batinnya, jahat, rusak. Orang seperti ini harus dilihat dengan kejijikan, tidak boleh dijadikan teman, tidak boleh diikuti, dan tidak boleh dilayani. Karena alasan apakah? Walaupun seseorang tidak mengikuti teladan dari orang seperti itu, namun berita buruk tetap akan menyebar tentang dirinya: ‘Ia memiliki sahabat-sahabat yang jahat, teman-teman yang jahat, kawan-kawan yang jahat.’ Seperti halnya seekor ular yang melintasi kotoran tinja, walaupun ular itu tidak menggigit, namun tetap akan berlumuran tinja, demikian pula, walaupun seseorang tidak mengikuti teladan dari orang seperti itu, namun berita buruk tetap akan menyebar tentang dirinya: ‘Ia memiliki sahabat-sahabat yang jahat, teman-teman yang jahat, kawan-kawan yang jahat.’ Oleh karena itu orang seperti itu harus dilihat dengan kejijikan, tidak boleh dijadikan teman, tidak boleh diikuti, dan tidak boleh dilayani.",0.3760617971420288,
29,jenis orang yang tak boleh ditahbiskan,gte-multilingual-base,exp5.base,id,3,an3.27,an3.27:md3,anggara,"(2) “Dan orang jenis apakah, para bhikkhu, yang harus dilihat dengan keseimbangan, tidak boleh dijadikan teman, tidak boleh diikuti, dan tidak boleh dilayani? Di sini, seseorang mudah marah dan mudah gusar. Bahkan jika ia dikritik sedikit maka ia akan kehilangan kesabarannya dan menjadi jengkel, melawan, dan keras kepala; ia memperlihatkan kemarahan, kebencian, dan kekesalan. Seperti halnya luka bernanah, jika ditusuk dengan tongkat atau pecahan tembikar, akan mengeluarkan lebih banyak cairan lagi, demikian pula … Seperti halnya sebuah lubang kotoran, jika ditusuk dengan tongkat atau pecahan tembikar, akan menjadi berbau lebih busuk, demikian pula, seseorang di sini mudah marah dan … memperlihatkan kemarahan, kebencian, dan kekesalan. Orang seperti itu harus dilihat dengan keseimbangan, tidak boleh dijadikan teman, tidak boleh diikuti, dan tidak boleh dilayani. Karena alasan apakah? [Dengan pikiran:] ‘Ia akan menghinaku, memakiku, dan membahayakan aku.’ Oleh karena itu orang seperti itu harus dilihat dengan keseimbangan, tidak boleh dijadikan teman, tidak boleh diikuti, dan tidak boleh dilayani.",0.3057661354541778,
29,jenis orang yang tak boleh ditahbiskan,gte-multilingual-base,exp5.base,id,4,an10.54,an10.54:md14,anggara,"(10) “Ketika dikatakan: ‘Orang-orang juga, Aku katakan, ada dua jenis: mereka yang harus didekati, dan mereka yang tidak boleh didekati,’ karena alasan apakah hal ini dikatakan? Jika seseorang mengetahui tentang orang lain: ‘Ketika aku bergaul dengan orang ini, kualitas-kualitas tidak bermanfaat bertambah dalam diriku dan kualitas-kualitas bermanfaat berkurang,’ maka ia tidak boleh mendekati orang demikian. Tetapi jika ia mengetahui tentang orang lain: ‘Ketika aku bergaul dengan orang ini, kualitas-kualitas tidak bermanfaat berkurang dalam diriku dan kualitas-kualitas bermanfaat bertambah,’ maka ia harus mendekati orang demikian. Ketika dikatakan: ‘Orang-orang juga, Aku katakan, ada dua jenis: mereka yang harus didekati, dan mereka yang tidak boleh didekati,’ adalah karena ini maka hal itu dikatakan.”",0.2490727007389068,
29,jenis orang yang tak boleh ditahbiskan,gte-multilingual-base,exp5.base,id,5,mn70,mn70:md28,anggara,"“Orang jenis apakah yang-terbebaskan-melalui-keyakinan? Di sini seseorang tidak menyentuh dengan tubuhnya dan tidak berdiam dalam kebebasan-kebebasan yang damai dan tanpa-materi, melampaui bentuk-bentuk, tetapi beberapa nodanya dihancurkan melalui penglihatannya dengan kebijaksanaan, dan keyakinannya tertanam, berakar, dan kokoh di dalam Sang Tathāgata. Orang jenis ini disebut seorang yang-terbebaskan-melalui-keyakinan. Aku mengatakan tentang bhikkhu demikian bahwa ia masih harus melakukan tugas dengan tekun. Mengapakah? Karena ketika Yang Mulia itu … menuju kehidupan tanpa rumah. Dengan melihat buah ketekunan bagi seorang bhikkhu demikian, Aku katakan bahwa ia masih harus melakukan tugas dengan tekun.",0.1102595329284668,
30,apa itu proliferasi mental,gte-multilingual-base,exp5.base,id,1,sn35.248,sn35.248:md10,anggara,"“Para bhikkhu, ‘aku’ adalah suatu proliferasi; ‘aku adalah ini’ adalah suatu proliferasi; ‘aku akan menjadi’ adalah suatu proliferasi … ‘aku akan bukan-memiliki-persepsi juga bukan-tanpa-persepsi’ adalah suatu proliferasi. Proliferasi adalah penyakit, proliferasi adalah tumor, proliferasi adalah anak panah. Oleh karena itu, para bhikkhu, kalian harus berlatih sebagai berikut: ‘Kami akan berdiam dengan pikiran bebas dari proliferasi.’",0.6885466575622559,
30,apa itu proliferasi mental,gte-multilingual-base,exp5.base,id,2,mn18,mn18:md17,anggara,"“Dengan bergantung pada telinga dan suara-suara … Dengan bergantung pada hidung dan bau-bauan … Dengan bergantung pada lidah dan rasa kecapan … Dengan bergantung pada badan dan objek-objek sentuhan … Dengan bergantung pada pikiran dan objek-objek pikiran, maka muncul kesadaran-pikiran. Pertemuan ketiga ini adalah kontak. Dengan kontak sebagai kondisi maka ada perasaan. Apa yang ia rasakan, itulah yang ia kenali. Apa yang ia kenali, itulah yang ia pikirkan. Apa yang ia pikirkan, itulah yang diproliferasikan oleh pikiran. Dengan apa yang ia proliferasikan secara pikiran sebagai sumber, maka persepsi dan gagasan yang muncul dari proliferasi pikiran menyerang seseorang sehubungan dengan objek-objek pikiran masa lampau, masa depan, dan masa sekarang yang dikenali melalui pikiran.",0.5143656730651855,
30,apa itu proliferasi mental,gte-multilingual-base,exp5.base,id,3,mn18,mn18:md16,anggara,"“Dengan bergantung pada mata dan bentuk-bentuk, maka muncul kesadaran-mata. Pertemuan ketiga ini adalah kontak. Dengan kontak sebagai kondisi maka ada perasaan. Apa yang ia rasakan, itulah yang ia kenali. Apa yang ia kenali, itulah yang ia pikirkan. Apa yang ia pikirkan, itulah yang diproliferasikan oleh pikiran. Dengan apa yang ia proliferasikan secara pikiran sebagai sumber, maka persepsi dan gagasan yang muncul dari proliferasi pikiran menyerang seseorang sehubungan dengan bentuk-bentuk masa lampau, masa depan, dan masa sekarang yang dikenali melalui mata.",0.4629117548465729,
30,apa itu proliferasi mental,gte-multilingual-base,exp5.base,id,4,mn18,mn18:md8,anggara,"“Para bhikkhu, sehubungan dengan sumber melalui mana persepsi dan gagasan yang muncul dari proliferasi pikiran yang menyerang seseorang: jika tidak ada apapun di sana yang menyenangkan, yang disambut dan digenggam, maka ini adalah akhir dari kecenderungan tersembunyi pada nafsu, akhir dari kecenderungan tersembunyi pada penolakan, akhir dari kecenderungan tersembunyi pada pandangan-pandangan, akhir dari kecenderungan tersembunyi pada keragu-raguan, akhir dari kecenderungan tersembunyi pada keangkuhan, akhir dari kecenderungan tersembunyi pada penjelmaan, akhir dari kecenderungan tersembunyi pada ketidak-tahuan; ini adalah akhir dari penggunaan tongkat pemukul dan senjata, akhir dari pertengkaran, percekcokan, perselisihan, tuding-menuding, fitnah, dan kebohongan; di sini kondisi-kondisi jahat yang tidak bermanfaat lenyap tanpa sisa.”",0.3589417338371277,
30,apa itu proliferasi mental,gte-multilingual-base,exp5.base,id,5,mn18,mn18:md19,anggara,"“Ketika ada telinga, suara, dan kesadaran-telinga … Ketika ada hidung, bau-bauan, dan kesadaran-hidung … Ketika ada lidah, rasa kecapan, dan kesadaran-lidah … Ketika ada badan, objek sentuhan, dan kesadaran-badan … Ketika ada pikiran, objek pikiran, dan kesadaran-pikiran … adalah mungkin untuk menunjukkan manifestasi penyerangan oleh persepsi dan gagasan yang muncul dari proliferasi pikiran.",0.1925971060991287,
